0.24316952785403845,0.19919806315221592,0.17273209104547074,0.15889563166421855,0.11846785107277501,0.07875417574051481,0.058618683899393155,0.029777141039140143,0.027618734904529093,0.02459423603349144,-0.007501507047429035,-0.012517050516576495,-0.021049123221124393,-0.01842620915300839,-0.021805187139305852,-0.02575238735438016,-0.031010382715521232,-0.03772574737661971,-0.049072593062140644,-0.047686328446553884,-0.034860515476520845,-0.008357578223905844,0.007604132507587858,0.02337585233763379,0.022510059624426457,0.026377571519815356,0.03667435887162382,0.05289807456175844,0.05317756292774829,0.056934242987126946,0.0603022120934136,0.06908227668879977,0.07834595410781181,0.07044088047591103,0.07572734577927191,0.08005194819668719,0.08725799319494858,0.08325148379809924,0.08924610456132702,0.08072368587235856,0.08595971847981386,0.08718707029821411,0.07959065558249846,0.08329057172314545,0.07786222769401611,0.06262492825335979,0.0447056846499768,0.03408419061931414,0.03945681238376133,0.022353901851000127,0.01507032931546864,-0.004937670521673504,-0.006002091487971675,-0.019435739933303862,-0.012976361893624031,-0.004291105758064617,-0.024181773171101508,-0.026564906668114428,-0.03124639440204502,-0.04199160773902668,-0.028964884559347873,-0.031163667867259652,-0.029506761975731113,-0.008377385454370483,-0.00626286591080602,-0.01082742736111194,-0.016319550001659036,-0.028881549612791844,-0.0409303969159016,-0.04058703344323402,-0.045707882053856785,-0.05542118546570491,-0.08893822821314722,-0.10316582052214378,-0.1263645687565277,-0.13888745478330905,-0.15446010387734557,-0.16012362370182465,-0.18075743128010444,-0.19395082264741909,-0.18870040768426985,-0.2111410104137592,-0.22516580964486657,-0.23222811365472926,-0.25258188894857664,-0.2675009036031622,-0.2870592292594139,-0.29651164982007777,-0.29567624462623987,-0.2957907378210624,-0.2861913497272665,-0.3023000958427827,-0.29523628227621435,-0.30213248149210203,-0.3126846084803828,-0.311845256641043,-0.3123139767154407,-0.31797971277984144,-0.30715793834994987,-0.3070812240054582,-0.3083941113730123,-0.30139903008916125,-0.2978271603550098,-0.27039047865535326,-0.23659707285913545,-0.2021804647486127,-0.13854225812056278,-0.07085348442885603,0.02489346722667689,0.10573587209192675,0.19394747884418104,0.28164254737269057,0.36645160213069017,0.45487695839689735,0.5404960962754445,0.6258296020562336,0.6824930160732602,0.7492423135539381,0.8084278183030282,0.857550396724979,0.897918409373225,0.9478522145023712,0.985056384708265,1.0374708008654703,1.0766612183557922,1.1289273928770494,1.1780818540725753,1.2319385399480576,1.2941579756453723,1.3531444808327442,1.4306927518346644,1.5111695751927228,1.5872350849261734,1.6595315859623498,1.7111999798434463,1.7884009181975906,1.8587319232487756,1.9386662210036638,2.017277364569035,2.0828445257327184,2.174756970896388,2.2601899195660855,2.3464090024474897,2.4286939572870323,2.4974237592736492,2.5705339611985174,2.6264869161096214,2.6753117904557357,2.722665168463001,2.7666140973325724,2.8448598859200924,2.898805595341585,2.9549980528512707,3.031635404015451,3.085563348961224,3.1355744497271507,3.209647335631805,3.274804985785332,3.336378390045913,3.379732206522911,3.4100501702057855,3.472758277501069,3.511272121312902,3.5420617656763347,3.5794352633702573,3.5844386313744163,3.5866500385942666,3.5693375897016413,3.568018015459162,3.5765730008484393,3.574188858355521,3.566562661392271,3.547017232412126,3.545334439817859,3.5640416688330174,3.580498814551427,3.586540375609481,3.5971102627617606,3.608838629875888,3.64125745417627,3.6551696601038985,3.683326371809678,3.69729205186464,3.7262255725323223,3.7221221957719437,3.7151704899663587,3.70919813353553,3.7171878544131896,3.705008058157152,3.689808163724979,3.678442920340405,3.685766607506284,3.685861396728081,3.7003925789329157,3.701150641876188,3.7167327246939057,3.713518117260577,3.7153137691495575,3.7044588674062657,3.6772037932330353
3.5801999114289904,3.576035821489532,3.5823645987939114,3.581669821858786,3.5842497271509344,3.591285921138892,3.6014607230109825,3.5915909249006033,3.595788621016069,3.595341528884057,3.5958688112315476,3.62500285814734,3.6335338037578175,3.6562858409678407,3.6969299760632737,3.7455270540208474,3.7919778372539685,3.8420195565994817,3.8961086015695456,3.9282082422538553,3.9758060935365362,4.006032675052948,4.046298872873675,4.097491504596922,4.122455894100645,4.164770179566322,4.195961553056392,4.228428375890758,4.249094842248533,4.26483293498691,4.276200187485785,4.31214732616918,4.3462549665116255,4.380967944227052,4.423982234708467,4.452023795527283,4.48137633751172,4.498244470985128,4.505359408486485,4.521077508612866,4.523199073574007,4.531253440679517,4.529412319037407,4.535769237968734,4.547157576644985,4.561920940867896,4.564034080923826,4.559547330576434,4.573589987362309,4.574076382080146,4.581979367404335,4.58682370685222,4.603337569127697,4.616360531782802,4.6538549968738545,4.679290291454501,4.697817559726218,4.715857120575163,4.743999371865005,4.750391284840489,4.756423783246936,4.757230801959703,4.746500812132033,4.748939915814048,4.732957172231295,4.721956500815711,4.715428613076339,4.704185794840129,4.694934194873733,4.6942351987585935,4.679168011592771,4.662350619258175,4.637276459093651,4.623049757462584,4.595870664663463,4.5795254698521815,4.54951957604795,4.514560347481853,4.501517631201219,4.452285148205555,4.430113430014926,4.412280434063884,4.3630282890924,4.34085292425975,4.301267114173548,4.256252536246422,4.228442223389917,4.183004532917715,4.142561191233563,4.104485812393499,4.054981436473733,3.9992436965900913,3.9371385300651838,3.8946854975650718,3.8476085207980546,3.796023986789376,3.771682167497251,3.734507415743952,3.6945475428536305,3.6606720605803016,3.6416075071938314,3.6314864207483173,3.6156846790323507,3.6024780893304036,3.5856555583032597,3.579899981449298,3.583211703615941,3.5714777954617154,3.5675025986012936,3.5851421367287264,3.594433939922818,3.589128923480008,3.600103217222371,3.5845002022392682,3.5871846469324256,3.5834394170821176,3.5650789842143205,3.551440757365115,3.552142930998097,3.559134161822137,3.561918403557844,3.571312051000598,3.5709485069365363,3.5993612794642744,3.6194595333963493,3.6400764610417986,3.6555101012030975,3.6736494596616445,3.6744622220594474,3.6702546889937087,3.675250950940839,3.6889351783680255,3.688941605608452,3.684381228376498,3.6833748013536955,3.6796910790558526,3.681339859668826,3.6811701720613024,3.6967131441042818,3.696810552106505,3.686728217647305,3.706718990292933,3.7145387119767177,3.736400209614983,3.753874953127483,3.7692787709947084,3.7952311114842083,3.8395667409220797,3.8701450050794524,3.9208094799653,3.9682925155522764,4.0022955404602305,4.038480970763005,4.076920065258332,4.102887919022292,4.136439997534442,4.160681655923072,4.193103557416602,4.2190127391939525,4.248412524488942,4.268530751520426,4.292425634801425,4.294604447959218,4.302239970526017,4.300674791148466,4.286751496553915,4.261964032337301,4.240587043416794,4.212900937777178,4.175749632893862,4.145590146797518,4.0976119092280685,4.070006336277159,4.026402463731886,3.9924548408761913,3.9667466949287586,3.9325293563170645,3.894808570614202,3.8651824583382806,3.835309750071795,3.800407368950602,3.763076650931991,3.7222122659315615,3.675069190221057,3.635670689373069,3.593250240444027,3.5427526850409268,3.503518440550018,3.4602030868910494,3.4317097777295476,3.3840076754347077,3.3433838415619577,3.300850092015261,3.255687966913699,3.2265275198919308,3.193211072429088,3.145494171956077,3.0984114033413768,3.065502203648842,3.01563213187402
4.0976119092280685,4.070006336277159,4.026402463731886,3.9924548408761913,3.9667466949287586,3.9325293563170645,3.894808570614202,3.8651824583382806,3.835309750071795,3.800407368950602,3.763076650931991,3.7222122659315615,3.675069190221057,3.635670689373069,3.593250240444027,3.5427526850409268,3.503518440550018,3.4602030868910494,3.4317097777295476,3.3840076754347077,3.3433838415619577,3.300850092015261,3.255687966913699,3.2265275198919308,3.193211072429088,3.145494171956077,3.0984114033413768,3.065502203648842,3.01563213187402,2.9634000046343307,2.912748833186781,2.8455264850624116,2.807639052189176,2.746828540581715,2.6903673761859346,2.6302810868045716,2.5710074872504847,2.495945129570909,2.4222603465062345,2.362864292212946,2.290494069757531,2.225466641971886,2.1749664673416085,2.1176658817065546,2.070110014755121,2.012825462214479,1.970477544254347,1.9289805828606021,1.8628648508006662,1.8146175587238378,1.766749991742677,1.7161492437608945,1.681879679615762,1.6532455675650437,1.6359726796296346,1.616228060901735,1.5811303209271894,1.5672585270205885,1.5549304421699555,1.5576488794505652,1.5472545990854003,1.5515606204826609,1.5560238341844232,1.5399204739818058,1.5365795843833872,1.5286621837124805,1.5067792891939122,1.4836738398112594,1.4664408284756019,1.4688394933965596,1.443121501562004,1.4346413212503368,1.4102546840345551,1.4109832826636575,1.4207474137184166,1.4242565920967503,1.450375719245776,1.4517220398062178,1.4659064804638875,1.4735871981094084,1.479436650767207,1.4909066790195855,1.488072258295427,1.4840807435416339,1.4957192265760604,1.5114523850019983,1.5183366559021265,1.5401003499214159,1.563402247963954,1.5776517751516397,1.5950871967655733,1.6171468226626557,1.63622631681591,1.6720940605642505,1.7003821633377691,1.709881359925466,1.7340304282674643,1.7737912691785627,1.7981493148764194,1.8253190924437306,1.8415530189738787,1.8660580408929563,1.8865142227659055,1.9039523328122034,1.9084892132526392,1.9195992817224712,1.9231963675027508,1.9493560882811551,1.966379535109151,1.9849605906658785,2.0019538702458113,2.0128911727126932,2.0299673816698163,2.0411748967982595,2.0492764964311,2.0566953858232635,2.0837686445080448,2.0765000951618346,2.0773861138782106,2.078776941641295,2.070510080721298,2.049986851999745,2.0587719492013536,2.039939723323338,2.037862125623156,2.0521368954886148,2.0597513635351112,2.0879460001755987,2.1007464876040576,2.136066870114885,2.1806550610360236,2.2405434198068614,2.268963090944886,2.2981340235604746,2.3419110162940475,2.365827427435552,2.395963754881052,2.4381604005060558,2.477333208008716,2.5193826051781807,2.571874626865024,2.619396806705399,2.6797358123722494,2.7313995488659137,2.7693452312461027,2.8113954295193264,2.8323319516549,2.848035330637369,2.8721689083134994,2.886120132893161,2.8779245103928868,2.891685754708129,2.8814393647230614,2.8547434483822784,2.8695385985097897,2.8566330794136876,2.8440271803451624,2.836349743507708,2.8120399431003187,2.79950881976243,2.7720727489320836,2.7478030167932395,2.730489015467162,2.726818414909833,2.7181150460428367,2.7022207412216526,2.681015833124277,2.666926834373795,2.6611540414095285,2.6425556307226947,2.6141463438889723,2.587325486524554,2.5690659835317295,2.5460590100897935,2.521962625286292,2.5016124286502057,2.5015399476336357,2.4838332025044023,2.4675834050877654,2.4550522403540316,2.457911536752315,2.4466334953250906,2.451827966789487,2.423892841004353,2.4026974721777923,2.3949080462918877,2.3696309735286745,2.3494843737070603,2.3131009299226784,2.253866440628739,2.2088903971205007,2.1878628743200745,2.1429420875151526,2.105887415914541,2.0736127874445036,2.0511444176454163,2.0128303316947944,1.9715690275039177,1.9522740743281297,1.913639258357033
1.765327867219378,1.7710473126185324,1.791487368665074,1.7989376254628378,1.8019601847883528,1.8245180605845401,1.8468910884203074,1.8645300295969887,1.9159340697120886,1.9567675400736266,1.9958902826226212,2.0555415348213697,2.096954930949074,2.15478170524326,2.223655786803214,2.2911942189411825,2.3498416620977425,2.413052168281458,2.4708756423647364,2.5355826744756103,2.6033189444993123,2.659578351887326,2.719665429703488,2.7617160562322054,2.812749121233559,2.8693465455324736,2.9246370855915176,2.9717450502394787,2.992411431765055,3.0076746245717474,3.0068766227577473,3.018251286152061,3.034678830336563,3.0385874047496637,3.0561089286124683,3.0658320118708264,3.0805805584882413,3.0890937144154997,3.1124209449812685,3.114212158714242,3.114054205216305,3.112376218279575,3.1376355102067492,3.127493926548431,3.112017863141658,3.1169990305738087,3.111850664083704,3.116786985353907,3.1148401653210542,3.111889244033275,3.119201832346718,3.1136282781579196,3.1253667682979653,3.1465829626320874,3.170624203156293,3.1840326393657423,3.2205814093761687,3.238978695258193,3.2731159173322935,3.277627370601268,3.296374794154022,3.3098673127316767,3.31049669738615,3.3075229919314424,3.308110994676669,3.2998871257752747,3.287997411715248,3.2487644060052565,3.2268976233929476,3.176033759364208,3.1459938687937337,3.1066576259901963,3.0552783386178475,2.9938234083047073,2.9443912209962804,2.890134009500886,2.846704416487099,2.816539601308866,2.7711370587733755,2.742163768957584,2.699645397546081,2.6657799379256937,2.636564669753048,2.5973131817205215,2.575028684356751,2.545428627088058,2.5380982067090283,2.5451105805737364,2.5479655225517135,2.570429277498236,2.576166796477595,2.582666203063382,2.6095142746288347,2.6327134821803435,2.6525872745119092,2.6786990676191067,2.6910421518358922,2.6937874911859607,2.7033863023135822,2.719586167102557,2.718236096802651,2.705488779521176,2.7083988870959157,2.719977944129345,2.706030950658473,2.7117344542245654,2.6835273482995317,2.682438749603431,2.670981769349267,2.6645555440323165,2.6641227262718776,2.66277101332363,2.6512135833332398,2.6353284688039063,2.611897474009688,2.5822838297288198,2.5469999058922346,2.5247240856411373,2.50231199551856,2.491302450279414,2.4788107446221375,2.486581179252946,2.486551027713904,2.4909145381745708,2.4877821127527024,2.4784835054835264,2.4701384820093404,2.4548080596337276,2.460540185014611,2.452762293709575,2.4495298920571016,2.4531411192485706,2.4481947741543832,2.436240236461761,2.414721985034129,2.4049502059713745,2.4013310686954905,2.3894521245993428,2.379939005536902,2.390376339989615,2.3957593251100437,2.394527262405046,2.403324679086827,2.4068699442187307,2.4226277747286247,2.40477795842608,2.372871280849547,2.3545225413623374,2.3041828523901318,2.260127616440928,2.219164339838191,2.1803989228841525,2.134565243186276,2.0908203420892653,2.0453213820977703,2.0149900225996884,1.9880864473381088,1.9452994349082673,1.9016983644363048,1.8583163099867197,1.8211812451991072,1.7739206962088918,1.7484061159822017,1.7194263155173393,1.6914114273476824,1.6818386876712026,1.639393968717883,1.609471040139109,1.5722676735631178,1.5170379429637082,1.4723078976645592,1.4229280646782088,1.3824833243006562,1.3644041159409948,1.3424330989313902,1.3175404231898,1.2824879080873273,1.2712762323581108,1.238208737190435,1.205576965539641,1.171344808064184,1.1435332967319844,1.108805773774468,1.0703473361597677,1.0570715545420608,1.0382374866235844,1.0335342298413066,1.0241596812272922,1.0098423754959311,0.998664189077544,0.9721533101807428,0.9719877784639086,0.9720642158870569,0.9826284921228972,0.9701385539618845,0.9559055061851987,0.9659353963363547,0.951843614982223,0.940102772126487,0.9289412156416118
0.8408706915798714,0.8105662855597636,0.7816442944763324,0.77113797456588,0.742119990947536,0.7115411984899754,0.6916812975047535,0.6974940648308826,0.6810665005528167,0.6725964459085422,0.6746558344943431,0.6886632919760276,0.6698858495053823,0.6648559955473711,0.6515814623416221,0.6520092478564142,0.6477401629748756,0.6333672439908374,0.6297909441129665,0.662234721350658,0.6851493673276337,0.7092942895424034,0.7209269247902592,0.7129363538362943,0.7184034275947141,0.7370905235307277,0.7494437721787603,0.7519790985894591,0.7724708053566662,0.7965400362012874,0.8143156978814452,0.8242889567777124,0.8279318180521228,0.8512242263450918,0.8545741582498906,0.8765517108649943,0.8790860004739477,0.8789620516893827,0.876882564919013,0.8760168024487475,0.8914411729233492,0.890843768940058,0.8825124654094225,0.8610398912274301,0.8551341193573131,0.8522562698213096,0.8306974731883526,0.8302390718895867,0.8150409465305516,0.7954156424988922,0.783095222560773,0.7779023883249067,0.7592786347811605,0.7298115237726762,0.7113211043592512,0.6765903853251682,0.6583537392501984,0.6230815907063809,0.595791930957796,0.5607664526110795,0.5324228295265128,0.5086223767379785,0.4953667376534501,0.487754686173593,0.4716731549453704,0.4414862972752894,0.41561838937212636,0.4003513369109987,0.39244634770725606,0.3772257313889439,0.36121908079768966,0.34516199848027285,0.33147385913249383,0.3026623432713556,0.28931464078460656,0.274132455169085,0.27871466480832957,0.2813514504881477,0.2542775415459335,0.23975915362718486,0.2139679273392565,0.1801138914744427,0.15768438221949355,0.13325813450427998,0.0974646153239168,0.06383364122352309,0.031161276556241718,0.00023503281240289548,-0.044763399359937735,-0.09501207988247037,-0.13378950580942645,-0.1531167718659545,-0.1943461914490266,-0.22276784296933055,-0.2560170629999314,-0.290244736727809,-0.3069358915846585,-0.3304753558862703,-0.3573277683702718,-0.3769256761068133,-0.39983746580233764,-0.4205277518182814,-0.4286293112105964,-0.42760235366593285,-0.4281256564770691,-0.4181516715454959,-0.4239122234700116,-0.42002691809826564,-0.3955478097385894,-0.3896572976333879,-0.37761645056906146,-0.35503616477410044,-0.33323210538759035,-0.33872576929810405,-0.32131746954186885,-0.31469216779758186,-0.30286896766002364,-0.2791670128340523,-0.251604220121112,-0.24804240839362424,-0.23481424048022723,-0.2534648732238602,-0.2504190153446421,-0.2445419228599193,-0.2446245250825906,-0.25666600126478323,-0.2585592245607863,-0.26796845406240355,-0.28239421487671706,-0.30000825784502483,-0.300214460535904,-0.3100175859596984,-0.30512638456610547,-0.310507821612073,-0.30697873050779956,-0.30625411353582693,-0.31471530450662016,-0.3092532411960947,-0.317569644640556,-0.30213110301007423,-0.3104805787853937,-0.2803023906790766,-0.26410833536813744,-0.2518801734514722,-0.2493638966384519,-0.2315567751681421,-0.2207529930518468,-0.218210485351161,-0.20640545278604333,-0.20133492120473995,-0.2264287685320656,-0.22715919294825884,-0.22316918487407422,-0.2340367442141497,-0.24384559085053853,-0.26134666337213774,-0.2649259687612717,-0.2593445910947338,-0.2777495344260281,-0.29322315545917366,-0.2945067341861855,-0.298519285471085,-0.320367948396727,-0.33687998244019557,-0.3678532070718439,-0.3969088055626879,-0.42699517161108214,-0.48697597849215574,-0.5214545846825585,-0.56909167571267,-0.611603987342766,-0.6466411027490766,-0.6626368678102086,-0.6813243027924789,-0.7189808021530936,-0.7487941038410781,-0.7645104153155774,-0.8079600151135207,-0.8223075679496954,-0.8408702088592963,-0.8480069955273395,-0.8745923509463664,-0.8706507737019756,-0.8622869195153974,-0.8609701325498242,-0.8595784919147614,-0.8637986237138079,-0.877642148201744,-0.8914262841869717,-0.896584686865932,-0.9028925433620519,-0.9181752316762997,-0.9338776538381963,-0.9489578295002041,-0.9694986263716925,-0.996551874606616,-1.0069588698722105,-1.0166055823311488,-1.0451886508903057,-1.0464267907104978
-0.7839068119520688,-0.7348745748199776,-0.6974388621252894,-0.6604668117547398,-0.6331052704200227,-0.6057512091165406,-0.5989311214505153,-0.5806515235101387,-0.555164537540897,-0.5316226068109083,-0.5224867586796919,-0.48435851922647966,-0.45683771247339633,-0.4368535285898584,-0.39606239076116606,-0.354141044332745,-0.31706446896028506,-0.28892985105761765,-0.2589594489057415,-0.21115715169422533,-0.17935890671059812,-0.15747856149381345,-0.12889687927593366,-0.09174359787663652,-0.037557440781177835,-0.013972251047710401,0.02343057344907393,0.0702934442489677,0.10858452111764495,0.14582374487306043,0.15996047998995694,0.18945494449428765,0.19639353459033673,0.22961232937342996,0.2615505211710922,0.27801697633454997,0.292290198685715,0.30585228770967754,0.3104922352465416,0.33554594188017445,0.3310414419689343,0.3564253418830355,0.3673698898016585,0.3792151557732773,0.3887173993497507,0.38610331659560176,0.3956476893904007,0.3962101786486507,0.38487959198182015,0.3854150967172855,0.4015935505277539,0.41491173834187345,0.43249753005842134,0.4487663453972287,0.4662335206434256,0.4832274735708234,0.4971168886774339,0.4956097023806982,0.5043775604887496,0.5210591865297559,0.5150968118118644,0.5174114929209707,0.5194236914316983,0.5349395928500934,0.554350207949222,0.5657036299787377,0.588973163305515,0.5946282779221682,0.6023454881723749,0.6135077113474954,0.6141638491407143,0.6300288694298669,0.6517548966440172,0.6527938751386593,0.6519310605283749,0.6530582168422993,0.6675509063632841,0.6818916075894483,0.6738217530879542,0.6626227978851358,0.6756889703717971,0.684199873872429,0.6999019511252064,0.6974233681350026,0.714494102844311,0.6988422659287904,0.6876140735026354,0.6789400825450427,0.6610801628432924,0.6730956458461523,0.6798461677580593,0.7047379415373393,0.6891372300470672,0.6874575571161611,0.7044310689925803,0.7093236314213477,0.7046398788098513,0.7297016427328721,0.727232916555215,0.7368128875865559,0.7318113297484358,0.7465813508413846,0.7523535877431469,0.7560241188767988,0.7673110618211461,0.7686785145932422,0.7720716652180944,0.7892207076187163,0.7953659515027094,0.7956280075739255,0.8010757753407386,0.7978829726197338,0.7899381442670639,0.7945510845073174,0.8009595101931128,0.7897074372625792,0.7804708446247269,0.7809196171122219,0.7658187800812737,0.7552888483688532,0.7428021393297131,0.7193733287170172,0.6999667085472817,0.6705050905998639,0.6561452177919379,0.6370147572439185,0.6291508819648045,0.6049488055133309,0.6121676220532607,0.6168761242419394,0.6061715735997166,0.5924832169404411,0.5732825421245938,0.5657198702572077,0.5524866276858431,0.5430028057254112,0.5317146051966819,0.5316176259261819,0.5263377995445082,0.5232992863888548,0.5254354949133321,0.5128187010361609,0.49783920326954834,0.4909003495879119,0.5069502757944719,0.49708193415843366,0.49986796675803785,0.49714374668244443,0.495237117050944,0.4985420905544143,0.48020514092627375,0.48438835910035266,0.48831947775315737,0.48284935891859915,0.47339094562792305,0.46744311209921435,0.4480245826535465,0.4403889371032945,0.4303962091480572,0.426266885746275,0.4035778976334851,0.3955550409792418,0.3796612976369394,0.3557296212203847,0.33024043699543626,0.3115863717520397,0.2822791379222264,0.270218600431567,0.24734050191787493,0.216696279056899,0.1939439998179139,0.17472044662238076,0.15118476698902672,0.13866455715653583,0.11239639198524981,0.10062621496468473,0.08340078391820337,0.08136596686034374,0.08851118581181615,0.11258538413607017,0.1285064798447717,0.14373735083149544,0.15792239161564667,0.1713405594224401,0.17264386493077194,0.17598131376632367,0.1766099752288773,0.16261695103810153,0.14330702626469374,0.1321499028484086,0.1205919889905631,0.11573051078605795,0.12135733010582694,0.11230170893265073,0.12798385892197345,0.12643873682776913,0.11089320767104906,0.10706721226317917,0.09725864709667216,0.08110594693468326
-0.3992106870231829,-0.38236124851074127,-0.36573536888053126,-0.33468114596985477,-0.33522791248958766,-0.3067639676613374,-0.3103248461408311,-0.28298078597623944,-0.27591561195900866,-0.2634976344128211,-0.26881160114336977,-0.26503544392605793,-0.2385331860506648,-0.21934228271129563,-0.1978006241624528,-0.19092161061376098,-0.16938354914800535,-0.16060716208531142,-0.13685938652633287,-0.11640768090442598,-0.0982076324752839,-0.09415555377183338,-0.08535516694549224,-0.06970780445650698,-0.04319332542701983,-0.03211253052557141,-0.022210072063811467,-0.001786913294053745,0.014003689956096948,0.029264619260342094,0.0317126535563098,0.03709831265919031,0.034108566336012495,0.044485992238586874,0.041855001678677214,0.056035225544271046,0.06913503205951753,0.06850077132253977,0.06920246302838995,0.06932036123469254,0.08332102047235299,0.07924072907409928,0.08764545032575242,0.0806325144828108,0.08661301741753585,0.08879211992655463,0.114962438432174,0.12468000050764547,0.14565904862911513,0.17442864250111476,0.2008626759316949,0.20140859501594835,0.22698285189656955,0.2597276414610393,0.2728299343857946,0.27407687257119556,0.2870465815358452,0.2772017317567735,0.2806336534501673,0.3001149845393445,0.28359989647770334,0.2878303346900387,0.26152846029344634,0.26163547180861024,0.24594273604368083,0.23987376603102067,0.22090432577773597,0.21482758559167545,0.2084066576639131,0.20999676260728026,0.2174365594589017,0.19727531744263552,0.17948924410141048,0.16328989916777364,0.16158502131490793,0.14163373971643575,0.12848658686414688,0.11297556000523243,0.1085839727136005,0.08907037225822492,0.08407166391495924,0.06985009630747731,0.05443791606326878,0.03114368020663317,0.011946968101995607,0.000335865025652577,-0.010602376014906094,-0.020323454934444977,-0.03936112631850466,-0.04864372724339661,-0.055230375873153,-0.064556400875189,-0.07649635129109593,-0.07979736688280305,-0.08526483781114308,-0.1008065665458158,-0.09176385098109432,-0.09098458934025566,-0.09485838973495848,-0.10971680109136472,-0.12539267455953887,-0.1293221026756552,-0.1399171645976996,-0.15755148858548365,-0.18553279944016327,-0.21513955009944022,-0.23538411080319052,-0.2734175044549032,-0.3253383345990665,-0.370079341192069,-0.3884908960387246,-0.42038321917499727,-0.46644083730324765,-0.4973522345245761,-0.5114756523865398,-0.5278763194107,-0.5381580314307155,-0.5645247532835181,-0.6060895879706668,-0.6115372896221731,-0.6333151385230066,-0.6402980315398165,-0.6559300103900455,-0.6767999172382904,-0.6833623723937922,-0.6859436467048039,-0.6921490166850255,-0.7111810465367445,-0.726250097893795,-0.7525939614544351,-0.7600537683950893,-0.7665004313930877,-0.7717872984201882,-0.775105730333385,-0.7731218211457909,-0.7687273705176928,-0.7615486302437041,-0.7699310106847292,-0.7617568425307711,-0.7482009314937147,-0.7389743881667439,-0.7272219991930359,-0.7031285009619207,-0.6796484861225593,-0.6718506438280842,-0.6596528652588542,-0.6557662169418057,-0.638327001714267,-0.6296890274766902,-0.6238613384024815,-0.6105023387680891,-0.6159349333471211,-0.6158783339941156,-0.6222039116598987,-0.6220084623704757,-0.6377697263180546,-0.6478868964437278,-0.6584573185093053,-0.6658379918335641,-0.6614544085412559,-0.6770620773169619,-0.683987529385861,-0.6774745937446878,-0.6793853179465635,-0.680188208983071,-0.6878791706088924,-0.67357434460203,-0.6622273690806906,-0.6490513017203614,-0.6751618522321428,-0.6647099359176238,-0.6394751109876448,-0.634831679151631,-0.6362398381954021,-0.6345410692180189,-0.6437798188807938,-0.6299649526146236,-0.6091439646092192,-0.6001875346077873,-0.6030951885628046,-0.6072051610923825,-0.5926871461703004,-0.5898704435422365,-0.5933786069445455,-0.5962974000645891,-0.6009842055391486,-0.5958686639377344,-0.5911974157115699,-0.5978857829275592,-0.6024559900842815,-0.6006540598008641,-0.597317372493111,-0.5891151176020416,-0.5885514713972162,-0.5919747705356894,-0.6073383610092629,-0.6095930080770111,-0.5927332794944473,-0.5949037459452106,-0.601907088835493
-0.6647099359176238,-0.6394751109876448,-0.634831679151631,-0.6362398381954021,-0.6345410692180189,-0.6437798188807938,-0.6299649526146236,-0.6091439646092192,-0.6001875346077873,-0.6030951885628046,-0.6072051610923825,-0.5926871461703004,-0.5898704435422365,-0.5933786069445455,-0.5962974000645891,-0.6009842055391486,-0.5958686639377344,-0.5911974157115699,-0.5978857829275592,-0.6024559900842815,-0.6006540598008641,-0.597317372493111,-0.5891151176020416,-0.5885514713972162,-0.5919747705356894,-0.6073383610092629,-0.6095930080770111,-0.5927332794944473,-0.5949037459452106,-0.601907088835493,-0.6125074818706446,-0.6310296387439933,-0.6385185769888206,-0.6459135290916401,-0.6528550964523889,-0.6527170754979059,-0.6631260773015382,-0.6544215774354555,-0.6576144755543328,-0.6626496172329143,-0.6520395275155527,-0.6636615753000631,-0.6567272694703578,-0.6648453584062646,-0.6642039819038358,-0.6465960161198401,-0.6281847437195383,-0.6344757065485379,-0.6385603757891615,-0.6335676270546611,-0.6291010558377468,-0.6343149324464018,-0.6281255052114949,-0.6236552696506387,-0.6134357458525254,-0.6259939172902664,-0.6271153674979881,-0.6204323824282209,-0.592101605685483,-0.6025985872268412,-0.6173610380127693,-0.6166362463543685,-0.6074393506562934,-0.6051001810936971,-0.5948021335528101,-0.5926463884716298,-0.5767080100077525,-0.5879733600681132,-0.5791103920492475,-0.5726287928363196,-0.5787299131919411,-0.5609658322725615,-0.558810125574503,-0.5487629594357447,-0.5427544391893548,-0.5473158096456322,-0.5457982918528053,-0.5336997421234025,-0.5312590317699476,-0.5381415420297926,-0.5552464038257815,-0.5723208843382486,-0.591670990374489,-0.601048045984729,-0.5945579352094662,-0.598374286752889,-0.6253452406718347,-0.6386789934912184,-0.6468583634992003,-0.6575078256785267,-0.6651912859327297,-0.6667614562357561,-0.6713099146951136,-0.6768766692535982,-0.6732957359039695,-0.6603555029568167,-0.6783093675070795,-0.689236575801642,-0.6965865895885596,-0.6993613597663235,-0.6804924946297276,-0.6818151458385278,-0.672368491601632,-0.6631918506853426,-0.681536285094416,-0.6889538139412055,-0.6874959055109676,-0.6822605088853403,-0.6765016406234747,-0.6777145760299896,-0.6703693976744727,-0.6664667728340028,-0.6652190088318481,-0.6677781445768378,-0.6579672772154587,-0.6462551606812019,-0.6533845417696287,-0.6553995887393629,-0.6421808585914551,-0.6366147809876228,-0.6401792864261732,-0.6596702704683669,-0.676705924672731,-0.6905799263654738,-0.6887580541474843,-0.711958761680192,-0.7139758994398485,-0.7248931562026326,-0.728987115000065,-0.733549484785227,-0.7522783631300578,-0.7506552276923375,-0.7555734917410879,-0.7543695889942452,-0.7542990732688745,-0.7532360315307032,-0.7570110251427163,-0.7522493416066299,-0.7398137616075894,-0.7197015077755331,-0.7049218645371996,-0.7044052184001397,-0.694956998041166,-0.7072686451358724,-0.7160844633215369,-0.7171381304437516,-0.723272152279736,-0.7081006037935381,-0.6972443117479786,-0.6943524126327162,-0.712075408902961,-0.71025665413408,-0.7086886123199939,-0.7238080227557021,-0.7548015679433433,-0.7494853986750243,-0.7464502211014401,-0.7432846499426011,-0.7295157025566495,-0.7388439574533341,-0.740267588201492,-0.7400825819851451,-0.7554943983458215,-0.7392582384358736,-0.7475206408664095,-0.7185301281596134,-0.725426298850515,-0.7312102182557981,-0.7230346846651611,-0.7158596483962211,-0.7197454502595801,-0.7091848473765023,-0.7124379124578778,-0.7068900415090574,-0.7084202689342621,-0.6936700283546412,-0.691945703221547,-0.6975754629961167,-0.6886463837760289,-0.6714524470001745,-0.6470776226210302,-0.6306088340959376,-0.6105932054314338,-0.6117193184561847,-0.5939982707685445,-0.5862918598936437,-0.5937819315639967,-0.5901608032211325,-0.596489565023941,-0.5897285691603835,-0.6020520897526082,-0.6045441716330575,-0.6092454890970319,-0.6100833657739798,-0.6232781101408323,-0.6157318158728899,-0.614398799569959,-0.6239803816274495,-0.6290264286143297,-0.6261375560848482
-0.6092454890970319,-0.6100833657739798,-0.6232781101408323,-0.6157318158728899,-0.614398799569959,-0.6239803816274495,-0.6290264286143297,-0.6261375560848482,-0.6096554839530981,-0.6180506365248019,-0.5922434564022567,-0.5781561115361391,-0.5730184624415678,-0.547847698064203,-0.5529192263535379,-0.5502158015466311,-0.5425357085967951,-0.5183376278318483,-0.5129556269181079,-0.5095313620976386,-0.5023986671218489,-0.48687879728075917,-0.48542589022336724,-0.47859673429265737,-0.4656158992636715,-0.4604484607393152,-0.4508146975098842,-0.44980404768425414,-0.434213855896001,-0.42674877485056456,-0.4347425781300497,-0.43017768028290676,-0.4385650222045157,-0.42873850052113444,-0.43181826676760265,-0.4325380096337588,-0.45069581962554767,-0.4442638533460646,-0.4505731428256697,-0.44088405069716324,-0.4482286924723852,-0.44677683741556606,-0.46087164014732607,-0.4468694604001429,-0.4304915446613412,-0.4268102545686388,-0.4302154465870501,-0.4328261099248031,-0.4314778712371792,-0.43430906083238036,-0.4116950315188689,-0.40544297225044706,-0.38260248959713805,-0.3593625154037642,-0.3577829895533051,-0.3329504643008642,-0.3150100933575389,-0.30378286307326574,-0.2892392572232354,-0.27878586792126875,-0.2595921101494364,-0.24133541745188744,-0.24511189088069776,-0.24577233029337636,-0.2313848484273942,-0.22127283877635465,-0.21827672854091848,-0.21740082601787963,-0.20226806355716478,-0.19990002919447847,-0.19056331513117042,-0.18564953506741433,-0.19502490337855166,-0.18859052549515862,-0.16278520122845533,-0.15702316813789138,-0.17040337885554724,-0.16416106886756382,-0.15200442051472532,-0.15769223580530708,-0.14232319345954667,-0.13190889726373958,-0.14464661625620198,-0.1616647561951554,-0.18043218857814836,-0.1876351564613997,-0.18667684830842787,-0.20299556198969307,-0.20558394833293853,-0.20743524319855355,-0.18704709802180094,-0.20322028948256243,-0.20462869292607708,-0.20517514042136767,-0.2057430093521672,-0.21292368779094403,-0.22335025239691067,-0.23866741546378445,-0.2572607794841349,-0.26284669066090144,-0.26983440705485134,-0.27598736583541983,-0.30319006337762505,-0.33155655657553657,-0.34935033432068135,-0.3692135055038246,-0.3823348775667633,-0.3982986427472108,-0.4010294033919377,-0.4274598801575423,-0.45941089052051204,-0.49374625889379636,-0.5179285000233437,-0.5202073183837023,-0.5280529744141748,-0.5476923565495548,-0.5399135190246106,-0.5543190982113805,-0.5551625486652999,-0.574084193514115,-0.5792220144475175,-0.5823265421668596,-0.598777603953761,-0.597086133450346,-0.6177624023566756,-0.6187560113984761,-0.6138764326322984,-0.6143141292130976,-0.6200472193757353,-0.6269941053651114,-0.6189675108235749,-0.6162217605345934,-0.6197921704337499,-0.6362587824558771,-0.619992104667047,-0.6094795329787377,-0.6020388791375092,-0.5861596807828977,-0.5524348516892538,-0.527929700304159,-0.5092519120295566,-0.46420509812787614,-0.4252283001599583,-0.3782191658689179,-0.32857852021510414,-0.3000122482619045,-0.2757994347109121,-0.2455831241436363,-0.22105591917763046,-0.22206905598860224,-0.21123534955801074,-0.21100969746743892,-0.1948213263391941,-0.19644487489530849,-0.1742297050376353,-0.17202511035213647,-0.14626986591381252,-0.12858461939402627,-0.09706625419618015,-0.0821979110202584,-0.06508213305208782,-0.043696264862489904,-0.01581959805187562,0.01201436492666003,0.04778014804968824,0.07081140869650222,0.10695965186209175,0.126613581577583,0.16482209950775745,0.2036178790257419,0.21877219979157486,0.2528019769081323,0.25585825970613285,0.25544391539170985,0.2666033194570655,0.25947180963583855,0.2574894218087921,0.24568620493072113,0.2551003742353485,0.25002130843650916,0.26759890875089415,0.295700429432996,0.29637570309562195,0.30499344698295977,0.30426830128058113,0.2904602942167637,0.2753454279347568,0.25650626803971666,0.25763287405949625,0.24841954466580424,0.23035811547937818,0.21865128236260964,0.19822525027616253,0.17006663433871885,0.14951635693028353,0.1356365829773441,0.09122592387363615,0.059374765359439564,0.019028269295016605,-0.015929194053908035
-0.4609613832718437,-0.45693435787742837,-0.45240532434117925,-0.4254786799111604,-0.3979666701858782,-0.3691355968774502,-0.3592711006071551,-0.331239133494864,-0.297382450436927,-0.24873773120156023,-0.21919244046376582,-0.18811610502347148,-0.18044262676166492,-0.1778908942459247,-0.14569643187189502,-0.11733366950019149,-0.09058687991484715,-0.06359733943701688,-0.05156380844863106,-0.044099747708845796,-0.040223815819453064,-0.021035314744446178,-0.022810213050397602,-0.015030201390793162,-0.0063102926529207135,-0.0008614662185156296,0.009293270101227996,-0.0006268824079979912,-0.0032647890983839444,-0.018146208223861888,-0.03793370583676673,-0.0714141109459012,-0.08728429915689087,-0.09430167961749351,-0.11721088191994189,-0.1180539716075076,-0.12770666881706114,-0.1413306563190211,-0.15180294277835363,-0.16372964477875757,-0.17039888275594184,-0.18713997286277906,-0.21697343035708763,-0.24844531915065093,-0.26509678445119805,-0.2892379469802007,-0.318357168716129,-0.3506439130558286,-0.3739008252333121,-0.40078721413079627,-0.4248178916437448,-0.45338617779587126,-0.4848571475950551,-0.5066799910573452,-0.5420148058816111,-0.5744707892569958,-0.6013578376256248,-0.6035145493706335,-0.6152160762331175,-0.6186506243494733,-0.6220354690510607,-0.6161056454008217,-0.6184492654425626,-0.6213681674615595,-0.619765314245869,-0.6110258629234688,-0.6115734732686844,-0.6227966861827405,-0.6465370178843582,-0.644385534454469,-0.6564106627097288,-0.6652768578852715,-0.6705265578311754,-0.6906413808947742,-0.6963821059630603,-0.7166276586380184,-0.7252684983443985,-0.7413097712926582,-0.7542584615573479,-0.7624743619398197,-0.784214057587885,-0.7843368613842688,-0.7930338559152054,-0.8082013407566598,-0.8119361765172091,-0.8197728123549798,-0.8243751785669176,-0.8398003962774159,-0.8480134601548093,-0.8407353635832396,-0.8380922411303497,-0.8245144017231417,-0.8265591907516199,-0.8210087611919571,-0.8141929834041717,-0.8254492680353809,-0.8211768647938027,-0.8275232988518163,-0.8366960285820948,-0.8457084407632168,-0.8571144690856677,-0.8621604497794003,-0.8579248189463903,-0.8541278126147169,-0.8570574848136654,-0.8702123352003638,-0.8765131459975888,-0.8900815981622846,-0.8953764707260673,-0.8906072444627439,-0.9033549991185962,-0.9105888979219392,-0.9125985651811562,-0.8887555504223702,-0.8969698837237873,-0.9029474544310973,-0.9096279048590417,-0.9206033120949194,-0.9338737358310344,-0.9365731341935299,-0.9460630545260046,-0.9619780788244139,-0.9880099152856068,-1.0099730295807563,-1.024296678187291,-1.0353157116705591,-1.0647014722013133,-1.0747671511727723,-1.0851568993536846,-1.0766427160367547,-1.0641060052775666,-1.0661735954078408,-1.0668436795217138,-1.0757129580060263,-1.0665072439600298,-1.0716579694816621,-1.066766045322593,-1.0603784512358012,-1.060796159714585,-1.0529562879515793,-1.0485432420543415,-1.0344505787505163,-1.0146947347042448,-1.004818753124458,-1.007191023975586,-0.9948093583326487,-0.9840524475479943,-0.9753643041213385,-0.9725796705078231,-0.962008727411657,-0.9651082071204521,-0.9663433134214141,-0.9735909644451429,-0.9802486896453206,-0.9747190037490255,-0.97392242463953,-0.9672978654116003,-0.9608466444054338,-0.946244272541791,-0.9409724444344066,-0.9324799887931715,-0.9291285184848762,-0.9273169245651676,-0.9290287399537775,-0.9304075784015514,-0.9085271279008356,-0.9041397581071288,-0.8941673927907755,-0.896327294226955,-0.8870144234236246,-0.8782271772250101,-0.8827461197430615,-0.8948304202008823,-0.8812582658980961,-0.8788488951848347,-0.8713244515271964,-0.8719260756034888,-0.8520590164849483,-0.8500226952031981,-0.8509668819357784,-0.844315467795833,-0.8355961601030896,-0.8349808403361282,-0.8338645821690218,-0.842795674231443,-0.8209224322351167,-0.8341982391577354,-0.841732551342261,-0.8598345618441966,-0.8682140867003031,-0.8619122282429693,-0.8595415430364001,-0.8712990485967633,-0.8643585050181773,-0.8696152586713123,-0.8537609014696025,-0.8524080858310079,-0.8600537601708065,-0.8694214873249952,-0.8716720665584677
-0.9324799887931715,-0.9291285184848762,-0.9273169245651676,-0.9290287399537775,-0.9304075784015514,-0.9085271279008356,-0.9041397581071288,-0.8941673927907755,-0.896327294226955,-0.8870144234236246,-0.8782271772250101,-0.8827461197430615,-0.8948304202008823,-0.8812582658980961,-0.8788488951848347,-0.8713244515271964,-0.8719260756034888,-0.8520590164849483,-0.8500226952031981,-0.8509668819357784,-0.844315467795833,-0.8355961601030896,-0.8349808403361282,-0.8338645821690218,-0.842795674231443,-0.8209224322351167,-0.8341982391577354,-0.841732551342261,-0.8598345618441966,-0.8682140867003031,-0.8619122282429693,-0.8595415430364001,-0.8712990485967633,-0.8643585050181773,-0.8696152586713123,-0.8537609014696025,-0.8524080858310079,-0.8600537601708065,-0.8694214873249952,-0.8716720665584677,-0.8780374815357931,-0.8847115370152605,-0.8951177938612581,-0.8930626068847524,-0.8868873449878466,-0.8876377396236627,-0.8799153934546329,-0.8726106060250337,-0.8685067507453169,-0.8752754604255245,-0.8478135210461824,-0.8240659961504851,-0.831774499843135,-0.8264050665089356,-0.8233395087035312,-0.8086136450308844,-0.8070548870242787,-0.8134289582724493,-0.7938899897372736,-0.787864699042778,-0.7866828131631565,-0.7843874582939822,-0.7818956143423208,-0.7503904617672543,-0.7596521750088151,-0.7478817598943764,-0.755496077436001,-0.7482311343203167,-0.727723341318801,-0.7406839184046387,-0.7300402864574941,-0.7366537097809138,-0.7371685587208321,-0.7187204236570107,-0.7211963937388842,-0.7164059513703391,-0.7340893097264439,-0.7291184029839369,-0.7209063752163049,-0.717505610414457,-0.7172763381623067,-0.7216660001691654,-0.7255743193330605,-0.7085244984657169,-0.7095045106049989,-0.6866575273222977,-0.6748521368644207,-0.6521833741761353,-0.6350912784942394,-0.6252107980056131,-0.6119240453906483,-0.5850844979588712,-0.57123474293373,-0.5465879081696245,-0.5288182232836304,-0.5119184141149576,-0.466429958286055,-0.4219861071493948,-0.3977471375495361,-0.3627737669552308,-0.3334190258163171,-0.2920096773031383,-0.2421921554295935,-0.2076939018435654,-0.16410979541238122,-0.13299440811963795,-0.10395427593770028,-0.06719132669185017,-0.023543099945776243,-0.007759562314182853,0.016407704118164494,0.03909942854059456,0.07011122809554465,0.09526180277757222,0.10761496446766304,0.1406217684992027,0.18252641833731484,0.20486661793398395,0.249325778228798,0.2854418888701421,0.3315239205469092,0.37750724066226726,0.4117764852028217,0.4577122962125227,0.5064410226985397,0.5469400206689451,0.5758486478955773,0.5858514466061447,0.6282032718047417,0.6576582850112699,0.6973414779699718,0.7265384163272502,0.7381155555524987,0.7680041018752019,0.7897120464856787,0.8186766750056584,0.8350558055985629,0.8546218860876847,0.8721272254788592,0.9037852000124362,0.9386233023212065,0.9695214541881438,0.9910854797030819,1.0126103398435928,1.0144566283604743,1.0335666820104992,1.0396389327425557,1.03345851728921,1.0465207424272265,1.0531794211076884,1.0477469915427273,1.0455931456356111,1.0455000456453747,1.0410575869427232,1.033103989842427,1.0128196002363772,0.9895183593501847,0.9790679636705008,0.9627650050855554,0.9168894349506369,0.8932018781649018,0.8502900794081701,0.8073471905836918,0.7674324670271266,0.7326039841904256,0.6941196006624564,0.6572179396869087,0.624405465575621,0.5991371919475172,0.5642161098959022,0.5565427531595039,0.5254542608045214,0.49706088556840167,0.48015051362304406,0.45579564260132815,0.4210918911523033,0.39795169668611347,0.37012624361992047,0.36508625694718494,0.3575900103028413,0.35573236667177266,0.3385534562835488,0.3049193691696537,0.27672788153231,0.26086747883553124,0.26199399891655384,0.25401570941635115,0.23997888446663834,0.23405799889639747,0.23640587911590705,0.22282454542509958,0.2179993011576978,0.20587244223095605,0.19762726400493424,0.1971096404264435,0.194508383300923,0.19402003321074093,0.20086799792490173,0.20476819911590144,0.20626126457557084
-0.8682140867003031,-0.8619122282429693,-0.8595415430364001,-0.8712990485967633,-0.8643585050181773,-0.8696152586713123,-0.8537609014696025,-0.8524080858310079,-0.8600537601708065,-0.8694214873249952,-0.8716720665584677,-0.8780374815357931,-0.8847115370152605,-0.8951177938612581,-0.8930626068847524,-0.8868873449878466,-0.8876377396236627,-0.8799153934546329,-0.8726106060250337,-0.8685067507453169,-0.8752754604255245,-0.8478135210461824,-0.8240659961504851,-0.831774499843135,-0.8264050665089356,-0.8233395087035312,-0.8086136450308844,-0.8070548870242787,-0.8134289582724493,-0.7938899897372736,-0.787864699042778,-0.7866828131631565,-0.7843874582939822,-0.7818956143423208,-0.7503904617672543,-0.7596521750088151,-0.7478817598943764,-0.755496077436001,-0.7482311343203167,-0.727723341318801,-0.7406839184046387,-0.7300402864574941,-0.7366537097809138,-0.7371685587208321,-0.7187204236570107,-0.7211963937388842,-0.7164059513703391,-0.7340893097264439,-0.7291184029839369,-0.7209063752163049,-0.717505610414457,-0.7172763381623067,-0.7216660001691654,-0.7255743193330605,-0.7085244984657169,-0.7095045106049989,-0.6866575273222977,-0.6748521368644207,-0.6521833741761353,-0.6350912784942394,-0.6252107980056131,-0.6119240453906483,-0.5850844979588712,-0.57123474293373,-0.5465879081696245,-0.5288182232836304,-0.5119184141149576,-0.466429958286055,-0.4219861071493948,-0.3977471375495361,-0.3627737669552308,-0.3334190258163171,-0.2920096773031383,-0.2421921554295935,-0.2076939018435654,-0.16410979541238122,-0.13299440811963795,-0.10395427593770028,-0.06719132669185017,-0.023543099945776243,-0.007759562314182853,0.016407704118164494,0.03909942854059456,0.07011122809554465,0.09526180277757222,0.10761496446766304,0.1406217684992027,0.18252641833731484,0.20486661793398395,0.249325778228798,0.2854418888701421,0.3315239205469092,0.37750724066226726,0.4117764852028217,0.4577122962125227,0.5064410226985397,0.5469400206689451,0.5758486478955773,0.5858514466061447,0.6282032718047417,0.6576582850112699,0.6973414779699718,0.7265384163272502,0.7381155555524987,0.7680041018752019,0.7897120464856787,0.8186766750056584,0.8350558055985629,0.8546218860876847,0.8721272254788592,0.9037852000124362,0.9386233023212065,0.9695214541881438,0.9910854797030819,1.0126103398435928,1.0144566283604743,1.0335666820104992,1.0396389327425557,1.03345851728921,1.0465207424272265,1.0531794211076884,1.0477469915427273,1.0455931456356111,1.0455000456453747,1.0410575869427232,1.033103989842427,1.0128196002363772,0.9895183593501847,0.9790679636705008,0.9627650050855554,0.9168894349506369,0.8932018781649018,0.8502900794081701,0.8073471905836918,0.7674324670271266,0.7326039841904256,0.6941196006624564,0.6572179396869087,0.624405465575621,0.5991371919475172,0.5642161098959022,0.5565427531595039,0.5254542608045214,0.49706088556840167,0.48015051362304406,0.45579564260132815,0.4210918911523033,0.39795169668611347,0.37012624361992047,0.36508625694718494,0.3575900103028413,0.35573236667177266,0.3385534562835488,0.3049193691696537,0.27672788153231,0.26086747883553124,0.26199399891655384,0.25401570941635115,0.23997888446663834,0.23405799889639747,0.23640587911590705,0.22282454542509958,0.2179993011576978,0.20587244223095605,0.19762726400493424,0.1971096404264435,0.194508383300923,0.19402003321074093,0.20086799792490173,0.20476819911590144,0.20626126457557084,0.19832812071930717,0.18645774026735099,0.19121326432810712,0.19737676886324113,0.1946090617107197,0.19685329892220071,0.21079501524720123,0.2193443717623525,0.2201150278634941,0.2245901774042898,0.23372592904242795,0.23256732772280977,0.2376105855925797,0.2557718433618967,0.2630571762840457,0.28870370330054035,0.3001653874152305,0.31529419918747575,0.35324776095338833,0.3673249601503723,0.38206810593266927,0.4151010117434923,0.43948217583372334,0.4872556965444297,0.5443164063874697,0.597922269488693,0.6348804725001085,0.6789867550214426,0.7317249060865322
-1.5358385337433713,-1.5251827788415402,-1.523423447173247,-1.5179839430855546,-1.5188961395236007,-1.506430512379047,-1.4875852339410378,-1.475687770748206,-1.4679260320279455,-1.4855521335639101,-1.4799090042040388,-1.4830209158935432,-1.4651673430223076,-1.4448658629063733,-1.426770349663822,-1.4173173255327205,-1.3857887890160312,-1.3778932163543915,-1.367814967240727,-1.3413103672540792,-1.3217521927421678,-1.299694150979265,-1.3027177686951346,-1.2834466812317413,-1.2660637778269759,-1.2396754052334227,-1.2196290862518664,-1.2028319890611392,-1.190618787536052,-1.189062557593405,-1.1907348216300815,-1.1902777492209209,-1.1863911299432548,-1.1845324885017254,-1.1833130042858904,-1.1870994855148684,-1.174938366550655,-1.1732413405675566,-1.193888349603246,-1.196226216328377,-1.193559635198806,-1.202214554208966,-1.1912370941763126,-1.1918607186431711,-1.1695807572791104,-1.1624570381214712,-1.1584608646973398,-1.1695713667415455,-1.1477948901191832,-1.1421727457863804,-1.1346273566678018,-1.156515249871787,-1.1448288148878922,-1.1519257880676237,-1.1585622603573347,-1.1531579618764662,-1.158402546196346,-1.1584003730550514,-1.1660267523153713,-1.168337515489438,-1.1663316367028416,-1.1682816125666693,-1.1753338500659067,-1.1953883819180118,-1.2035243558899917,-1.2148751310185382,-1.2414734153344291,-1.241265269475053,-1.2263479940415827,-1.2344338352059299,-1.2525389663611362,-1.2828514901087098,-1.3101715592477314,-1.3320811083777675,-1.3690219813941389,-1.4112809257754262,-1.4397102534988293,-1.4658720597892372,-1.5129768157116792,-1.563550768941314,-1.6060307612616211,-1.6139819775513322,-1.6192946707521851,-1.6398759433315964,-1.6575416205801923,-1.6620427461456186,-1.681149518851283,-1.6835978940970624,-1.6975153705358512,-1.6810512726175977,-1.6754350328652483,-1.6723588095031285,-1.685382448278934,-1.6891815951738762,-1.6899303123741725,-1.6976906931242253,-1.704678833743759,-1.6796620527583364,-1.6531199472020615,-1.6214748064790334,-1.592615309135277,-1.584080192887681,-1.5853349726153199,-1.5940329879886845,-1.595251169703966,-1.573145442940949,-1.5590830764867485,-1.5642214767448919,-1.5551847302118453,-1.556809696310969,-1.5482182313410657,-1.5471447034487176,-1.523834235188648,-1.5071548952634526,-1.49634376437525,-1.4893917884560102,-1.4739504048689995,-1.4584128566257029,-1.4355607104086419,-1.4154067513345232,-1.39335625628225,-1.3871022803265387,-1.3533353747675292,-1.3346239215226483,-1.3263474126655965,-1.3055236164483697,-1.284984613069238,-1.2771152697840358,-1.2569486581987401,-1.214304076235357,-1.191935848974693,-1.167071480098247,-1.1519590492336726,-1.1298855931661893,-1.1089779109355118,-1.078373304692528,-1.0465928056634615,-1.0040186194354979,-0.9537027397410742,-0.9071021518676268,-0.8655723651048701,-0.8229902791495971,-0.7666432126093672,-0.7293478182551576,-0.6847187437523535,-0.6403196388705664,-0.6000013570839875,-0.542580397524166,-0.5129155433709224,-0.46130088032169625,-0.3976274657896553,-0.3352746880213097,-0.26794767187201823,-0.20798238815280845,-0.15797199257515207,-0.09082118910190298,-0.036429794110318325,-0.00251409508399283,0.023009830513208363,0.05659976707323631,0.09609091394264671,0.1370773486199364,0.1780542518727474,0.22657356879164584,0.2550332221867934,0.2975924380266967,0.3370081730985896,0.36748760552266235,0.4189176756510805,0.4871314567173706,0.5337799579428725,0.573712999597566,0.6001038889442041,0.6167474511180194,0.6452524752655103,0.6754401181364077,0.6933718884319601,0.6954781592945398,0.6975915355700034,0.7088138232772445,0.7198036535497142,0.7222149454315828,0.7239647113162752,0.7322357041894153,0.7442253498201413,0.7523074239018009,0.7621313408686208,0.7623106882364504,0.7514274149393336,0.7594430822141355,0.7641781892353314,0.7760680352842696,0.7826339855519637,0.7785715654862901,0.7690043868450968,0.7603071187510976,0.7245020107863207,0.6968038215511171,0.6643936170542345,0.6441157825273371
-1.6192946707521851,-1.6398759433315964,-1.6575416205801923,-1.6620427461456186,-1.681149518851283,-1.6835978940970624,-1.6975153705358512,-1.6810512726175977,-1.6754350328652483,-1.6723588095031285,-1.685382448278934,-1.6891815951738762,-1.6899303123741725,-1.6976906931242253,-1.704678833743759,-1.6796620527583364,-1.6531199472020615,-1.6214748064790334,-1.592615309135277,-1.584080192887681,-1.5853349726153199,-1.5940329879886845,-1.595251169703966,-1.573145442940949,-1.5590830764867485,-1.5642214767448919,-1.5551847302118453,-1.556809696310969,-1.5482182313410657,-1.5471447034487176,-1.523834235188648,-1.5071548952634526,-1.49634376437525,-1.4893917884560102,-1.4739504048689995,-1.4584128566257029,-1.4355607104086419,-1.4154067513345232,-1.39335625628225,-1.3871022803265387,-1.3533353747675292,-1.3346239215226483,-1.3263474126655965,-1.3055236164483697,-1.284984613069238,-1.2771152697840358,-1.2569486581987401,-1.214304076235357,-1.191935848974693,-1.167071480098247,-1.1519590492336726,-1.1298855931661893,-1.1089779109355118,-1.078373304692528,-1.0465928056634615,-1.0040186194354979,-0.9537027397410742,-0.9071021518676268,-0.8655723651048701,-0.8229902791495971,-0.7666432126093672,-0.7293478182551576,-0.6847187437523535,-0.6403196388705664,-0.6000013570839875,-0.542580397524166,-0.5129155433709224,-0.46130088032169625,-0.3976274657896553,-0.3352746880213097,-0.26794767187201823,-0.20798238815280845,-0.15797199257515207,-0.09082118910190298,-0.036429794110318325,-0.00251409508399283,0.023009830513208363,0.05659976707323631,0.09609091394264671,0.1370773486199364,0.1780542518727474,0.22657356879164584,0.2550332221867934,0.2975924380266967,0.3370081730985896,0.36748760552266235,0.4189176756510805,0.4871314567173706,0.5337799579428725,0.573712999597566,0.6001038889442041,0.6167474511180194,0.6452524752655103,0.6754401181364077,0.6933718884319601,0.6954781592945398,0.6975915355700034,0.7088138232772445,0.7198036535497142,0.7222149454315828,0.7239647113162752,0.7322357041894153,0.7442253498201413,0.7523074239018009,0.7621313408686208,0.7623106882364504,0.7514274149393336,0.7594430822141355,0.7641781892353314,0.7760680352842696,0.7826339855519637,0.7785715654862901,0.7690043868450968,0.7603071187510976,0.7245020107863207,0.6968038215511171,0.6643936170542345,0.6441157825273371,0.6133102872535869,0.589838436737582,0.5714876802217387,0.5345938072258698,0.5009412117407059,0.46242567673628954,0.43312672664100704,0.40482844586086714,0.36527911843534333,0.3167875285162809,0.2798930667343574,0.24723412115048748,0.21287920131423244,0.19316736459628392,0.14927485253157613,0.11047071681659018,0.07674583800358932,0.037919066285555345,0.007679069304017489,-0.0014644581444378585,-0.023536583292541956,-0.04838128376429942,-0.06746757285093835,-0.08227551828858524,-0.09385634170846352,-0.1110876716455812,-0.12642628404541104,-0.16068987123429762,-0.19372317948452902,-0.2083535259688834,-0.22165148756320813,-0.2335457722434099,-0.23716129636517524,-0.24480835971757048,-0.2720061951717646,-0.2722080074849869,-0.2687273823266251,-0.26476110251368623,-0.2724286565843035,-0.27423839824596546,-0.2753396081542322,-0.2795010607829884,-0.2725503895073364,-0.26897668789416807,-0.28670268094896895,-0.2856853513139764,-0.27720218667622826,-0.282862879001531,-0.28679088895459004,-0.2904828215499845,-0.28518510724396046,-0.2882165645867975,-0.2721532755898567,-0.2854477707088323,-0.2776214591599702,-0.2637290079174018,-0.2543071817530386,-0.24314705977901405,-0.24038684103258529,-0.24811578049354652,-0.25924688843184596,-0.27200420690680316,-0.259888233604382,-0.2576914101437507,-0.2537970500201285,-0.25758777153016305,-0.26494887309868476,-0.26749020409702307,-0.27929472259739296,-0.28601636992218715,-0.3138614326092196,-0.33298098481114347,-0.3555597202458957,-0.38115624301723433,-0.3979071968728386,-0.4099159411819456,-0.41783892796628,-0.441651862501516,-0.4732268355614368,-0.48758528899602305,-0.5111140641720714,-0.517208915815051
0.08701407173772398,0.06979141866200839,0.06340566065535835,0.05177944344671438,0.037528764728023106,0.02408213307638941,0.02476203976465462,0.004052982814750696,-0.022373875066782855,-0.03994726593376775,-0.05616866928307598,-0.07841490224933607,-0.09778265485837197,-0.12621566141173307,-0.14232376617140685,-0.15004254860098634,-0.16900080759277417,-0.19361296164670527,-0.21705997941130373,-0.22804669575327477,-0.2564091935861973,-0.2804327089590705,-0.30513376961763244,-0.3262640734467737,-0.34835381535607046,-0.3617614283012115,-0.37756542192602144,-0.3936952469650883,-0.4047868679856392,-0.42887437418045166,-0.45394860907237133,-0.47337367012125153,-0.4871831534489826,-0.4962823366384048,-0.5102066260871043,-0.5158325592940283,-0.5168741983410533,-0.5308476783765661,-0.5246610449961686,-0.5317671783054474,-0.53469807242047,-0.5425986480856968,-0.554724174589776,-0.5402081642980658,-0.5567080182031509,-0.5664568206161708,-0.5774020419206486,-0.5801200940013163,-0.5888339117106682,-0.6101444655582684,-0.6352572053847829,-0.6317066856258793,-0.6420923495683231,-0.6577603718747618,-0.6474035002492761,-0.6566746769745901,-0.6553686768809912,-0.6540239812986299,-0.6546514537839024,-0.628698535471952,-0.6060476640553802,-0.5870038497576888,-0.5539094449730558,-0.5023100564929053,-0.4705275001512379,-0.42879250323774715,-0.38751395992826826,-0.3477328695073131,-0.31041493690538474,-0.2656381684306141,-0.2078506057587336,-0.1729996670378443,-0.1241645291399475,-0.0929922692458041,-0.06511556293522469,-0.042095828674536796,-0.023684615205217637,0.0070802739673224615,0.014678828135260242,0.04263588566796498,0.07107144744621133,0.116685712230755,0.14022647186767156,0.17350544973046644,0.20857569558980615,0.23584032234241817,0.2748897282846116,0.30920673617710215,0.34245880922793953,0.35937006376277797,0.3729154467464033,0.3918476269805443,0.42415386455861454,0.4454801217571883,0.4659440718788207,0.4696323464877795,0.4992307401657664,0.5157220059307369,0.531281679960614,0.5488784512967546,0.5602790111029944,0.5834959614263049,0.6019014015275674,0.6256657626503804,0.6260225752135461,0.6454114385335585,0.6533058931225343,0.6746460398659928,0.6940774791225838,0.7132985503676321,0.716091371470491,0.7375699978882233,0.7528615511283452,0.7423384741814016,0.7401953158118474,0.7525229339722076,0.7688138789904913,0.7866478117164936,0.7931841858486786,0.7873438818975584,0.7867124361325696,0.7696171111505026,0.7196654963533491,0.7035186500860303,0.6739960628211449,0.6493751541698828,0.634799482391429,0.6105868323975544,0.6020018296144685,0.5635614324003441,0.5427758320960647,0.5238259178161343,0.5049796627132025,0.48300779341088435,0.4982343934716389,0.5014115649524808,0.5056390290420127,0.49574796926652653,0.49565685233177476,0.48443244928440454,0.45337510187442986,0.4311537799491699,0.40800237211108326,0.3848822304353602,0.36575904286882405,0.3289620536206758,0.28705832008031534,0.2670865217821065,0.2620929045755213,0.24328778848971785,0.2282796861850774,0.21331868973751633,0.18454427770269555,0.17571685236501983,0.1582781078178489,0.13463417923736032,0.12241007656941907,0.12256944562932476,0.09931236441402141,0.08664907158333163,0.07703205728852786,0.05763632628385833,0.04339783804472684,0.049244367717308904,0.03700222280563898,0.040016056300097656,0.03137300900828904,0.02139589901683248,0.01340698155310493,0.028668489803799588,0.019012152266869836,0.0032830053666599917,-0.003921894868222338,-0.01359451911239673,-0.02686891515682316,-0.05316228866657113,-0.08368954164886676,-0.11795195634565203,-0.1395675715156305,-0.16333019802555943,-0.19580714981785252,-0.20342251189532431,-0.23264878486471255,-0.24695977022143736,-0.26456324722125363,-0.28834223563508776,-0.3171619577564472,-0.35527169549316945,-0.36258879032029634,-0.38414698901712296,-0.4060809026414813,-0.41567194718534045,-0.43156082747948693,-0.4648445220817157,-0.4852982481399616,-0.5086920683164274,-0.5186498140223939,-0.5433772227669807,-0.5541726335848888,-0.5656761079963164
0.6756784262108115,0.6812837518039527,0.6827402750352639,0.7024039893391062,0.7170514158907765,0.7208947242440555,0.7055573816580418,0.7124182244800148,0.7056882939364505,0.6990016093672159,0.6975876105088009,0.6963580408063454,0.6823813673433077,0.6563140606148335,0.626499288301024,0.6001548872121409,0.5947169363592257,0.5818814850757115,0.5405039525946205,0.5223262798790996,0.5079443998873041,0.5048709878376196,0.4903032673856,0.4655223267747117,0.45854174716798635,0.4207238308458864,0.39356871737379673,0.3631326869887451,0.3189381013846029,0.291543566948867,0.27144733717783287,0.24088484121151613,0.21892030491187447,0.1911019636299169,0.17460958380682542,0.13606814980003323,0.10958858858123187,0.09000496190527617,0.06625906209274522,0.041180170681579704,0.029533365399798686,-0.005106834721279678,-0.02093556113470092,-0.03855185968959868,-0.050638709133011016,-0.06764452911294144,-0.08733357554013324,-0.08158380887395351,-0.09010584928795987,-0.11999440884785917,-0.12600936350867006,-0.1408174718095092,-0.1536246290924395,-0.17383423450829985,-0.17571266030575936,-0.20202028358566462,-0.20614706012308817,-0.21066665687663397,-0.22755773116588696,-0.23208041745339905,-0.23876797859685409,-0.26711842560737875,-0.291605604468468,-0.31744343448641443,-0.34192080118698165,-0.33568701911779397,-0.35324828257208596,-0.35590101181418743,-0.35465244467963614,-0.37062368568674303,-0.3982973986583372,-0.4205181630482968,-0.4087589914619901,-0.42159231002162223,-0.4564599617590634,-0.4834668021115633,-0.5031347064242593,-0.49747696013784043,-0.49911861892324055,-0.5056215690041334,-0.504964253678335,-0.5219619838498231,-0.5210999654574615,-0.5286587788987851,-0.5151627504290476,-0.5032544253932731,-0.5124487762034934,-0.5060066991057122,-0.4995706572643242,-0.5152324800234508,-0.508996640598362,-0.513843743262897,-0.5254911441622541,-0.5346314806775673,-0.5268659941898494,-0.523244783196841,-0.5321290315426828,-0.5329679501684729,-0.5431918339464691,-0.5457558105379147,-0.5496993438755577,-0.5863989241139517,-0.6057509517386273,-0.6151232792398296,-0.6134702153490803,-0.6170458066177658,-0.6386626704900586,-0.6455538432026878,-0.6451037045376907,-0.6594554692237735,-0.6434753223039978,-0.6560537383973659,-0.6556801165362395,-0.6757228583085702,-0.6607170324988679,-0.6716601801760267,-0.6705926454094453,-0.6836971000273897,-0.6876435535080188,-0.7121490290495844,-0.7044534712892216,-0.7016525754243937,-0.6960446442598981,-0.694046397092899,-0.6897129480796813,-0.692197383275274,-0.6980217695373412,-0.7048701921481441,-0.7128818366828558,-0.7051975064586667,-0.6955362172226447,-0.7063033131010007,-0.682416606883061,-0.6469593433136737,-0.6410570200834801,-0.6391401029066112,-0.6541014428860306,-0.6601171889562979,-0.6510713822806392,-0.6691298928621319,-0.6448749293732962,-0.6459748692523054,-0.6487416902997893,-0.6419124084729896,-0.6514423999613566,-0.6276923464853773,-0.6020754169801996,-0.5886535948841581,-0.5760887757152737,-0.5759577346939989,-0.5633264266716165,-0.5451061404043578,-0.5305098157800622,-0.508229161130505,-0.49633484424792806,-0.48119112755017446,-0.4756630891228287,-0.4698475250334015,-0.45124833693609484,-0.45100999128597846,-0.4178880596880278,-0.3988976852376427,-0.384304651827661,-0.39180124960025636,-0.3707323116104359,-0.3536175655752328,-0.3328204449095762,-0.31777276995421083,-0.2992287114075228,-0.2876082972047731,-0.26061159493201635,-0.2523621175561789,-0.23444287710373315,-0.2340014510187537,-0.20832032666971323,-0.2021988614443215,-0.17205165475228584,-0.1484035514225704,-0.12890238899845122,-0.10268045804985956,-0.09151360230511221,-0.055689730158630865,-0.04323527757283195,-0.029148956239035365,0.004023940427772358,0.02176720935621833,0.037652724122940996,0.08297173666931626,0.11549985720920226,0.13142419102189778,0.14959220218769245,0.15579854991357672,0.17612064876281147,0.18396699320417048,0.17818265795793767,0.20626652036561682,0.22090239882228876,0.20718862596663443,0.227134882902979,0.21708570573312327
-0.6363986053284045,-0.6292947274292705,-0.6326362628074622,-0.6258821587197808,-0.6210170584863577,-0.6213385639503531,-0.6016205200894555,-0.5939523628130428,-0.599767029076555,-0.6005418295685702,-0.6232485604227722,-0.6240331712168061,-0.6069506864959463,-0.6207266097151799,-0.6206058833918353,-0.6180399326755822,-0.6259369806223255,-0.6213538677800637,-0.629691965169101,-0.6281802595433007,-0.6344996971757632,-0.6440149418164832,-0.6557876221112755,-0.6511711765135412,-0.6482364247380081,-0.6451654822791751,-0.6410975142278794,-0.6183189732377703,-0.6203497335445256,-0.6286061124397003,-0.6190961621521587,-0.6045048441612636,-0.5930231114756993,-0.5774163334667979,-0.5753242208591863,-0.5738143035025504,-0.5685040599618246,-0.5564820508834095,-0.5526976503286428,-0.5293356608450621,-0.5194170344415007,-0.5284310365947642,-0.5267150093993206,-0.5252691331193204,-0.5285004793169076,-0.5320751078423157,-0.5280971832084859,-0.5191721890470685,-0.5331719800177146,-0.5312875100161264,-0.5406160590061967,-0.5444534005024422,-0.5450634847584845,-0.5618261471155963,-0.560657616608623,-0.5576090267138016,-0.5723914804907609,-0.5778423308088034,-0.572160984260614,-0.5574063560083123,-0.5679162924571007,-0.5630499041885613,-0.5654088146300991,-0.5603071801727524,-0.5518951108437187,-0.560364263072385,-0.5603075249870745,-0.5366250208861657,-0.5258884316088862,-0.4950415860666215,-0.4719541462631536,-0.4712677971719367,-0.42488258177257776,-0.3842979805643586,-0.34740970174395,-0.3030294609646574,-0.27110398369215305,-0.22983392110307252,-0.18916135399556805,-0.169421615868783,-0.1312335623616967,-0.10245825574390398,-0.08383296988213129,-0.050479541406913186,-0.0347926565997971,-0.021257108371810225,-0.031236060328781828,-0.03396454634750427,-0.011511994103765376,-0.001877328164578445,0.016825144775853465,0.03533638163712884,0.05767235463471883,0.076182209524275,0.10426019230379971,0.12040367949193863,0.13436340572720942,0.1565471133672524,0.1989546154604079,0.2206607129417309,0.2669217878046826,0.31303509679527297,0.35376857367434233,0.3822064574281267,0.4184256300401415,0.4554546786793473,0.5060610563974345,0.5574798440234503,0.5966786385627872,0.6394163017187986,0.6789871340688929,0.7157838012236929,0.7602384744725502,0.7793872361534843,0.8157717259722211,0.8371635941499598,0.8758968982019215,0.8975823548054697,0.9152884574421063,0.9385948303916715,0.9578188819828535,0.9660004818657525,0.9717009832594052,0.9797095189180545,0.9855595699593389,1.0006350464597824,0.9989078021747144,0.9907106776640989,0.989517792815966,0.9981028120904298,1.0127695638392913,0.9889355600405828,0.9653875401081453,0.9356483243907453,0.8981330910090298,0.8687212511025997,0.8599430483736947,0.8290170251398826,0.805097244556362,0.7856848325313183,0.7732000541406661,0.7518190694132854,0.7356446818200001,0.7344204072799189,0.718652562705065,0.7150616354864464,0.7261398629536969,0.7193898979118096,0.7023698089122915,0.6823818959440956,0.666343259301921,0.6478984656919446,0.6177139328250717,0.5805353619503087,0.5699161574712115,0.5568076307947197,0.5346525001346266,0.5010630169734303,0.47438559022820304,0.4219139741721904,0.37510163614658,0.3473287773992292,0.3405782337934684,0.30132022898176,0.2554261327514975,0.20523644805237407,0.1697350249048802,0.1380739591765267,0.10958261598381869,0.07466275159047304,0.05747128647212305,0.02180726690545726,-0.0038297783529472034,-0.04291202229434541,-0.05897886923064304,-0.09785497365393339,-0.12899417832333873,-0.17920975781729231,-0.20963534535196238,-0.24218427291338693,-0.2751765961873177,-0.2991136515958154,-0.3223922684556938,-0.33087174018280063,-0.36633195762380927,-0.3853238543347297,-0.3957799300976445,-0.41739435165114236,-0.4493774726149804,-0.488509277868368,-0.5231518665799966,-0.5582039463388229,-0.5796689750487173,-0.5939426661040759,-0.6157745716750581,-0.6540715470434324,-0.6759118574683224,-0.6810022535937809,-0.6928510516135095,-0.7095474211098087
