-1.4275297219352805,-1.4039294131253908,-1.3803899832860251,-1.3543054293852756,-1.3239600465996653,-1.3044532337677384,-1.2800971246147201,-1.273326411996537,-1.2634832645465006,-1.25033052256987,-1.2441348233095193,-1.2326114481572028,-1.2300083141424825,-1.218229722669036,-1.2152681677899593,-1.1971340096197283,-1.1870215570189606,-1.1761442513091382,-1.1662038900190637,-1.1472766710678848,-1.1243106178739446,-1.1109252050004486,-1.1001001109741864,-1.0854799892569127,-1.0740177871419279,-1.0677871849527878,-1.0547857347402112,-1.0375125675365435,-1.0160925431655625,-1.0077827497080414,-1.0068339410804543,-1.00479773394248,-0.994876630185355,-0.9933233304453419,-0.9967321680145619,-0.9898545278415936,-0.9867247380721158,-0.9822951918537517,-0.9729042019938852,-0.9567453089315011,-0.9490750429485058,-0.9381060994589995,-0.9386329053452082,-0.9411157007123744,-0.9406480265699133,-0.9446412069858163,-0.9475672682727346,-0.9450627868602709,-0.9570252764086679,-0.9668865420916228,-0.97147519428871,-0.9780633731331096,-0.9844708825011199,-1.0005470706120752,-1.016452371020076,-1.0298137277792352,-1.0356163724185228,-1.043475136085104,-1.0561959249019923,-1.0610110207695724,-1.0675932083169883,-1.0804948585352356,-1.082785856430071,-1.0940407256484432,-1.10097134007342,-1.113581242218794,-1.1137408313848272,-1.1076456167187914,-1.1121037492321049,-1.1135543348519248,-1.0998025755559755,-1.0885211988874333,-1.0840116528647117,-1.0721414324717762,-1.064577492671932,-1.0620004907851868,-1.0654048285682678,-1.0697939965108034,-1.0823831116203753,-1.0934453335464696,-1.093275817844856,-1.1011383270176924,-1.096573716717882,-1.0920825164912664,-1.0993824932807958,-1.1011856387986398,-1.1085091010931358,-1.1221126988029217,-1.1278820779501324,-1.1229013932587277,-1.1162651158053518,-1.1074987085225256,-1.0934117748056162,-1.070971805105653,-1.0559477810929603,-1.030649245457697,-1.0028328860688296,-0.9599461268029688,-0.9199151010566053,-0.8708988046028042,-0.8304094268022071,-0.7791808181124563,-0.7351720226383461,-0.6830725617567819,-0.6238052329085585,-0.5706807907636846,-0.5234439822090721,-0.47486297523917587,-0.4341874982446631,-0.3949462290018014,-0.36307168741109735,-0.3380759181753086,-0.30878201362845104,-0.2814160142904638,-0.25345062320780287,-0.23323187213260954,-0.21131587399706891,-0.1966798212002113,-0.18348578957122577,-0.1665814383639887,-0.14305130037520788,-0.11898813636917199,-0.09758803083078288,-0.06679133902044525,-0.047781105747502405,-0.03123385865082945,-0.017112633815018707,-0.00011207457321246454,0.027194126447055985,0.034692064202740694,0.04451070168645696,0.057355411056755505,0.07036515295708175,0.08038874899859046,0.09908826137152563,0.1104833638890807,0.12316578104930251,0.1334280524646409,0.15571180588596406,0.16886635487396706,0.18149205676904168,0.19145149656167706,0.1988332839366385,0.22111628369991732,0.24089213994026654,0.2630138832336553,0.28123182033051336,0.29727473998539655,0.30522635718294244,0.31119262310884843,0.31434215523194625,0.3239257105711667,0.33597510612699794,0.34771162719740156,0.3524260141219438,0.3498269669562069,0.33146408480375417,0.31254519355883137,0.2934800265046112,0.2911743469131005,0.2899704096085658,0.29765469909028325,0.29294431068801813,0.2803624883559281,0.27916015896238844,0.27592233383442294,0.27570559006282125,0.2725729680433018,0.26714617095082566,0.27060050979764433,0.2898540388485072,0.3058711837036687,0.33199186662791086,0.34611321313198,0.3570358124679477,0.3685078416469933,0.37845759455498607,0.38554722641174,0.38017654194246214,0.38469380766275896,0.3732471382754951,0.373075645932607,0.360871350489389,0.35502783999000515,0.3519145193228272,0.3450726017489346,0.3353176527332547,0.327702448097923,0.31688795402181746,0.30910301881716534,0.30203050389664676,0.3026947792891332,0.29889749389258113,0.3059727786226384,0.3165646950973867,0.33960294531966245,0.36061392521375113,0.37756692542940434,0.3836551894139872,0.40052107303843365
-1.10097134007342,-1.113581242218794,-1.1137408313848272,-1.1076456167187914,-1.1121037492321049,-1.1135543348519248,-1.0998025755559755,-1.0885211988874333,-1.0840116528647117,-1.0721414324717762,-1.064577492671932,-1.0620004907851868,-1.0654048285682678,-1.0697939965108034,-1.0823831116203753,-1.0934453335464696,-1.093275817844856,-1.1011383270176924,-1.096573716717882,-1.0920825164912664,-1.0993824932807958,-1.1011856387986398,-1.1085091010931358,-1.1221126988029217,-1.1278820779501324,-1.1229013932587277,-1.1162651158053518,-1.1074987085225256,-1.0934117748056162,-1.070971805105653,-1.0559477810929603,-1.030649245457697,-1.0028328860688296,-0.9599461268029688,-0.9199151010566053,-0.8708988046028042,-0.8304094268022071,-0.7791808181124563,-0.7351720226383461,-0.6830725617567819,-0.6238052329085585,-0.5706807907636846,-0.5234439822090721,-0.47486297523917587,-0.4341874982446631,-0.3949462290018014,-0.36307168741109735,-0.3380759181753086,-0.30878201362845104,-0.2814160142904638,-0.25345062320780287,-0.23323187213260954,-0.21131587399706891,-0.1966798212002113,-0.18348578957122577,-0.1665814383639887,-0.14305130037520788,-0.11898813636917199,-0.09758803083078288,-0.06679133902044525,-0.047781105747502405,-0.03123385865082945,-0.017112633815018707,-0.00011207457321246454,0.027194126447055985,0.034692064202740694,0.04451070168645696,0.057355411056755505,0.07036515295708175,0.08038874899859046,0.09908826137152563,0.1104833638890807,0.12316578104930251,0.1334280524646409,0.15571180588596406,0.16886635487396706,0.18149205676904168,0.19145149656167706,0.1988332839366385,0.22111628369991732,0.24089213994026654,0.2630138832336553,0.28123182033051336,0.29727473998539655,0.30522635718294244,0.31119262310884843,0.31434215523194625,0.3239257105711667,0.33597510612699794,0.34771162719740156,0.3524260141219438,0.3498269669562069,0.33146408480375417,0.31254519355883137,0.2934800265046112,0.2911743469131005,0.2899704096085658,0.29765469909028325,0.29294431068801813,0.2803624883559281,0.27916015896238844,0.27592233383442294,0.27570559006282125,0.2725729680433018,0.26714617095082566,0.27060050979764433,0.2898540388485072,0.3058711837036687,0.33199186662791086,0.34611321313198,0.3570358124679477,0.3685078416469933,0.37845759455498607,0.38554722641174,0.38017654194246214,0.38469380766275896,0.3732471382754951,0.373075645932607,0.360871350489389,0.35502783999000515,0.3519145193228272,0.3450726017489346,0.3353176527332547,0.327702448097923,0.31688795402181746,0.30910301881716534,0.30203050389664676,0.3026947792891332,0.29889749389258113,0.3059727786226384,0.3165646950973867,0.33960294531966245,0.36061392521375113,0.37756692542940434,0.3836551894139872,0.40052107303843365,0.4145002718344084,0.4166608558719617,0.4148688511275808,0.41531084833391796,0.4116995891255815,0.4124361306640234,0.410868685178784,0.4147505046509467,0.41505518455447393,0.4269388595653343,0.42654756902165225,0.4133596867266835,0.4064377122777048,0.4005912565081434,0.41440721654097756,0.43450976551923154,0.4718769726729892,0.5145280997313842,0.5530199836650143,0.5894665171953055,0.6388128044383669,0.694695874943199,0.7558900340323532,0.8123025606179414,0.8800388694769863,0.9411030856036717,1.0121127982615268,1.0785400041501227,1.1410002040649037,1.1978334821503063,1.2549982702423366,1.311182794604048,1.3771462766812954,1.449341316992678,1.5168445228703187,1.5865071460668452,1.6568967259478187,1.7322398412671676,1.8029482240102712,1.8770877388050042,1.951579116449928,2.021090264321168,2.098121731490914,2.171167114346146,2.2559361375761875,2.349822038760913,2.438261381642022,2.5331921170178537,2.634612624430373,2.7365897848780163,2.833067577732039,2.929364362903396,3.0218434900218796,3.1176772542405202,3.19904980366862,3.28177258735964,3.3585267928788944,3.4376300373048396,3.5061465991537095,3.5767291343644474,3.658098993488408,3.7373800378985496,3.8118396854570165,3.8808541365431917
0.47741946328164014,0.4735247082640183,0.4830578271954065,0.5048521661010487,0.521530450927971,0.5309633398276634,0.5386683150785873,0.5546329300260945,0.5740572730685096,0.5884455732864702,0.6013862000487712,0.6181676057578604,0.648134358409497,0.6633489057046427,0.6796987562793482,0.6880969842362886,0.702638610443558,0.7092563260788483,0.7291479814378818,0.7634221191322077,0.7887678185930816,0.8233458068167369,0.8518741103193969,0.8590154698036588,0.8728468642269517,0.8871180478282158,0.9004865731677888,0.9172550567112439,0.9418758448432186,0.9502107132123998,0.9639545623475347,0.9829453693761646,0.9944364488165709,1.0013947420853737,1.0180414457141638,1.0311094489953396,1.046830293531852,1.0605156071239357,1.0718928488701625,1.0838409750365559,1.1004753924516604,1.1232037682148341,1.1481482597648167,1.172793862287964,1.1991734427887342,1.2241068407868438,1.2444563798787867,1.2710886738033167,1.3044924746496869,1.3377967089836613,1.3768103107221878,1.408395094983031,1.4305062578835777,1.4489643148097489,1.4764972713844802,1.490258037801316,1.5129788785087037,1.5179688536376639,1.5221259115564798,1.51999051273172,1.517618295541674,1.5085935895833649,1.4869577850920723,1.4678063080465407,1.4429753932652802,1.4215742297992549,1.3878398501732447,1.353441896109647,1.3166456961368633,1.2813959457245225,1.2472729937045552,1.2050609793603382,1.167298576387425,1.1285337865962568,1.0958929294204482,1.0579733046556068,1.025324492594969,0.9762145230450081,0.9277216186992445,0.8755925081023019,0.8201866022179685,0.7699985821816205,0.7305756895754755,0.691399845877411,0.6487982491683613,0.620243163584355,0.5896545678899592,0.5509416336519891,0.5328751046870638,0.5109728987239778,0.47674476297616897,0.44455682027367116,0.4181641259353138,0.3865818397074605,0.3524813031447939,0.3237102125657455,0.2959099154708894,0.267995521789456,0.23990623340988157,0.21084338890801846,0.17656080445171934,0.1425809316869374,0.10717405121151304,0.07052218736158637,0.047216269785403574,0.025823206052697036,0.00809816500250107,-0.020564739362392403,-0.05142005746254428,-0.08876809831158351,-0.12417713059008628,-0.1525643128441941,-0.18153559232273442,-0.2139485934140897,-0.2409604871686668,-0.27369188304372305,-0.30040293117805744,-0.3389670303367804,-0.3682183898906904,-0.39341438782079385,-0.42946851564361926,-0.4651218299756389,-0.49644589010135853,-0.5156501022036651,-0.5352257373229259,-0.5598153648741023,-0.5745748882921401,-0.5921147989363459,-0.6067363448127832,-0.6095941705202861,-0.6296483542708751,-0.6409866778455161,-0.6435426230976447,-0.654544829508651,-0.6654579123632692,-0.6667210562895035,-0.6612940160105758,-0.663894045620899,-0.6609067371238023,-0.6538154710902114,-0.6561262184462016,-0.6546874167894284,-0.6569810900605846,-0.6525347788853082,-0.6499191151710008,-0.6492764477743388,-0.6424575141157577,-0.6427241082881724,-0.6440946274052165,-0.6418854708531783,-0.6340838653674308,-0.626631271219629,-0.6225729192374452,-0.6155431694321218,-0.6135927306865393,-0.619210252040561,-0.6158128124421237,-0.6091936260792922,-0.6053685105283467,-0.6000845653909566,-0.5930418343660045,-0.5839223275605622,-0.5776775455747795,-0.5795877322668496,-0.5886078676607701,-0.6023696217158221,-0.6020399851360511,-0.6074326710428569,-0.6148482940994383,-0.6260880092892401,-0.6407782773699638,-0.6514833527968706,-0.661489561173728,-0.6722907336916769,-0.6751168372034342,-0.6801303109375545,-0.6813874328372166,-0.6837921661558429,-0.6893440730984735,-0.6966865084784694,-0.6960586113678588,-0.6979986830524114,-0.7082008593711147,-0.7182477800362663,-0.7247943945279304,-0.7384207744208471,-0.7463977987330804,-0.7634500432164044,-0.783135428182363,-0.7964063490264213,-0.8023668382459221,-0.8208363768989773,-0.8304585644390414,-0.8383091109674938,-0.8525348738702219,-0.8689875807020063,-0.8882204517022264,-0.9161139337089209,-0.9379277453251504,-0.9528577398928108
1.5179688536376639,1.5221259115564798,1.51999051273172,1.517618295541674,1.5085935895833649,1.4869577850920723,1.4678063080465407,1.4429753932652802,1.4215742297992549,1.3878398501732447,1.353441896109647,1.3166456961368633,1.2813959457245225,1.2472729937045552,1.2050609793603382,1.167298576387425,1.1285337865962568,1.0958929294204482,1.0579733046556068,1.025324492594969,0.9762145230450081,0.9277216186992445,0.8755925081023019,0.8201866022179685,0.7699985821816205,0.7305756895754755,0.691399845877411,0.6487982491683613,0.620243163584355,0.5896545678899592,0.5509416336519891,0.5328751046870638,0.5109728987239778,0.47674476297616897,0.44455682027367116,0.4181641259353138,0.3865818397074605,0.3524813031447939,0.3237102125657455,0.2959099154708894,0.267995521789456,0.23990623340988157,0.21084338890801846,0.17656080445171934,0.1425809316869374,0.10717405121151304,0.07052218736158637,0.047216269785403574,0.025823206052697036,0.00809816500250107,-0.020564739362392403,-0.05142005746254428,-0.08876809831158351,-0.12417713059008628,-0.1525643128441941,-0.18153559232273442,-0.2139485934140897,-0.2409604871686668,-0.27369188304372305,-0.30040293117805744,-0.3389670303367804,-0.3682183898906904,-0.39341438782079385,-0.42946851564361926,-0.4651218299756389,-0.49644589010135853,-0.5156501022036651,-0.5352257373229259,-0.5598153648741023,-0.5745748882921401,-0.5921147989363459,-0.6067363448127832,-0.6095941705202861,-0.6296483542708751,-0.6409866778455161,-0.6435426230976447,-0.654544829508651,-0.6654579123632692,-0.6667210562895035,-0.6612940160105758,-0.663894045620899,-0.6609067371238023,-0.6538154710902114,-0.6561262184462016,-0.6546874167894284,-0.6569810900605846,-0.6525347788853082,-0.6499191151710008,-0.6492764477743388,-0.6424575141157577,-0.6427241082881724,-0.6440946274052165,-0.6418854708531783,-0.6340838653674308,-0.626631271219629,-0.6225729192374452,-0.6155431694321218,-0.6135927306865393,-0.619210252040561,-0.6158128124421237,-0.6091936260792922,-0.6053685105283467,-0.6000845653909566,-0.5930418343660045,-0.5839223275605622,-0.5776775455747795,-0.5795877322668496,-0.5886078676607701,-0.6023696217158221,-0.6020399851360511,-0.6074326710428569,-0.6148482940994383,-0.6260880092892401,-0.6407782773699638,-0.6514833527968706,-0.661489561173728,-0.6722907336916769,-0.6751168372034342,-0.6801303109375545,-0.6813874328372166,-0.6837921661558429,-0.6893440730984735,-0.6966865084784694,-0.6960586113678588,-0.6979986830524114,-0.7082008593711147,-0.7182477800362663,-0.7247943945279304,-0.7384207744208471,-0.7463977987330804,-0.7634500432164044,-0.783135428182363,-0.7964063490264213,-0.8023668382459221,-0.8208363768989773,-0.8304585644390414,-0.8383091109674938,-0.8525348738702219,-0.8689875807020063,-0.8882204517022264,-0.9161139337089209,-0.9379277453251504,-0.9528577398928108,-0.9718816695689031,-0.9894238844267943,-1.003053606932406,-1.0260720977836515,-1.0488763013311546,-1.0698967743168786,-1.0962449460843955,-1.1099553874822512,-1.1256761997143174,-1.1369034127834432,-1.1505287719635118,-1.1657047361540596,-1.1690097009713731,-1.1737083082652844,-1.1712155445268564,-1.1850474626635128,-1.1971796028680286,-1.2028168970677546,-1.2113000665475462,-1.2203725875365825,-1.233767890326696,-1.2422070274256691,-1.2502956822356575,-1.2521004079449012,-1.2453252184083714,-1.244624493581537,-1.2395966802846723,-1.2291483832423917,-1.22567162110365,-1.207367118975564,-1.1831896427141306,-1.169638092616114,-1.1514336127590676,-1.1418059432047365,-1.1195067886331398,-1.093063033574075,-1.0717323928845406,-1.0471123866631964,-1.0182030480737898,-0.9928052949598296,-0.9671947274822722,-0.9330379510047243,-0.907871484224134,-0.8667050710220239,-0.8412668204794106,-0.8179454669126686,-0.7882552733344314,-0.7732358714502255,-0.7458861696130547,-0.7297412300634503,-0.7000818343798362,-0.6751025083548111,-0.6641789312459377,-0.6488402424844674,-0.6275288733917449,-0.6142201568979168,-0.5861134815375451
-0.5679489062011724,-0.5576659977511578,-0.542329927374606,-0.5277827617813422,-0.5220029196935139,-0.5055785596339522,-0.488245627608002,-0.46893430236088074,-0.44880567656321574,-0.43412309177844594,-0.414721259381365,-0.4020483957030078,-0.3898820666232049,-0.3689306503772736,-0.35803001383755,-0.3491189559802309,-0.32685277725553685,-0.30049397488925816,-0.27043916121089245,-0.249370594156846,-0.22701621755249882,-0.2062188980839069,-0.17670958104047346,-0.1666706479051245,-0.1524012532524675,-0.13549996200603573,-0.12365494349101448,-0.10466352046559657,-0.09561683152045056,-0.09207074057956742,-0.08139555814046454,-0.07817582232470567,-0.08709155857081566,-0.082256464610787,-0.08235466164821367,-0.07116874689816502,-0.06697856110482203,-0.06596518363345537,-0.05364284588673369,-0.049094407279397,-0.036621331923993694,-0.031217103165452183,-0.0195500275164277,-0.01417847548556557,-0.011984535845018223,-0.017623468201315384,-0.016540912891902515,-0.012385322723471419,-0.005256843026813501,-0.0016522919283165928,0.007672128747317579,0.02074672555426849,0.024580767889905153,0.03222209359511463,0.043960875266000704,0.06084801026554629,0.06862819537850923,0.0839353777417513,0.09633009135247735,0.10603236832755317,0.12250637456702568,0.14834491090430857,0.18061864140480105,0.21195773825358002,0.23263204103872626,0.25186277174708205,0.2695495499260602,0.3028429135587029,0.3261531538896034,0.35187008758093813,0.3755866471541479,0.4042554861894691,0.4178148254115448,0.4376159673129723,0.4644484086039201,0.47244958127964076,0.4891490167954139,0.4926349249361594,0.5051564030631743,0.5118349630462341,0.5202402602928156,0.5172707327543034,0.5334692332327903,0.5353813152597927,0.5387315554910324,0.5436176912852333,0.5407655929452241,0.5383782429042863,0.5465624895846262,0.5482224345120946,0.5481851363555872,0.5564620567682442,0.560304920441143,0.5647985689042201,0.5665925630198733,0.5685134676413529,0.5737444299504257,0.5620923984815093,0.5653140060735514,0.5698186183123222,0.5797088903647029,0.5781718547117519,0.5870939837922732,0.593537383383182,0.6048563706622554,0.6102495782335137,0.6094435142005795,0.6132909664544177,0.6162295939818836,0.5992862235623337,0.5823959641267406,0.5679523019691902,0.5516779486366141,0.5455255835488279,0.5250952205760127,0.5097629065916033,0.48891631939046826,0.47113949176767095,0.45616591899350145,0.4402437959818243,0.41171118126764195,0.37649169307085145,0.35600909687034443,0.3297628326145395,0.3118223333658742,0.28642621731669443,0.26277121396874764,0.2341320776550627,0.21046484403342058,0.18200419965715828,0.16634070155281475,0.1590903145744992,0.1503259583506773,0.1351221565653229,0.12723029424026183,0.1163497137635376,0.10792179812298114,0.11109995240443345,0.10357349496081811,0.09120852766180004,0.08697090009342605,0.07629902336022805,0.06838241761815776,0.06979634895681791,0.06653871310165685,0.060086779761310924,0.05343911933613005,0.04161248673828026,0.04011950998875169,0.03730251048181649,0.03359006429046389,0.022324472980779515,0.015927393034759853,0.0013388657858148325,-0.006000107697088923,-0.01397525622000761,-0.018467197403358396,-0.029130264809662874,-0.0431014095027533,-0.058058103517691174,-0.07905338774672298,-0.11179444900252253,-0.12437448051538313,-0.15764507967642039,-0.1840717782151191,-0.2029511647710869,-0.22965072590781033,-0.23883054305720577,-0.24034770243472217,-0.2521170703515899,-0.25902700370296255,-0.26202087953449454,-0.26810964638753065,-0.270689462982998,-0.27609834406744144,-0.27001724940474875,-0.2684167559147362,-0.2699757355905697,-0.2687390937576033,-0.25619362961919817,-0.2521388964351059,-0.25355274684014406,-0.2448870363264083,-0.24325870367140193,-0.2393205335975496,-0.25038082164620773,-0.240523671959682,-0.2421501296191351,-0.23026722870748126,-0.22651363752140266,-0.2262926959064694,-0.22921113023887565,-0.2342457438058607,-0.2388554377745767,-0.24989716524860686,-0.24731306478197942,-0.25850027876473414,-0.25398624164823935,-0.24840407734899864,-0.23889664439934835
-1.125772078856448,-1.128538685416693,-1.1329692683592771,-1.132513592550996,-1.124763662288197,-1.1203418920237513,-1.1167970497654454,-1.1233258596081765,-1.119822117700716,-1.1137328651077218,-1.1095326006712636,-1.105031929361701,-1.103143837232717,-1.0965805788272402,-1.087700301654374,-1.0831316602586052,-1.0760473981586756,-1.062971110103429,-1.044712152087688,-1.033660867257198,-1.0112218172778191,-0.9901197144246975,-0.9691364689041253,-0.9498733231575552,-0.9304575517814979,-0.9133648446346181,-0.8930162096915764,-0.8848615286520076,-0.8671343539515175,-0.8446151224705174,-0.8229197851538992,-0.7884334441668593,-0.7700056888032183,-0.7413447512395672,-0.7139676712750628,-0.6823777311022042,-0.6473804524819895,-0.6215668699775807,-0.5815698783722916,-0.5449958457625919,-0.5033027310580348,-0.4716104472233595,-0.4399535003449632,-0.4061361958538359,-0.3783232846591428,-0.3367881326812888,-0.29281699780766046,-0.2489494357935056,-0.20677506419578345,-0.15890800710649866,-0.11739126493987005,-0.06274842210336497,-0.01877985064189964,0.031079344702634307,0.0745461068500239,0.12476310112261668,0.15217774132016137,0.17964792584539954,0.21536175437143715,0.2511549623670132,0.28736975559295513,0.3295848166799875,0.3682170064332457,0.40349363872626415,0.42406366457989736,0.45523051359469696,0.49876443486929245,0.5204201897411479,0.5510361695817013,0.5863085535411048,0.6045353294188935,0.6281456491212021,0.659190560193372,0.6911385683255914,0.7176886230865333,0.7540508120477828,0.7806505524804446,0.7963391516441981,0.812343794503435,0.8295710869339461,0.8434279515144233,0.8572041184339311,0.8632057635857276,0.8708421296869953,0.87897881031763,0.8836255358187348,0.8990084532768066,0.9003781569592811,0.9006168643893117,0.9092298078365165,0.9018922838574782,0.9006866673781819,0.889467242800882,0.892051575728955,0.8840874234298493,0.8714155601998609,0.8598166448695372,0.8366455891710108,0.8279145331703767,0.8150938188379347,0.8139781907186825,0.8032764646199487,0.805004092969591,0.8039596823748781,0.7883047178334678,0.7610054452085517,0.7315146393031154,0.7098056950169733,0.6843656918799255,0.6576178391121675,0.6179319797411966,0.5909573215263225,0.5515088698266477,0.5217078782376406,0.4931512747093967,0.467217615267086,0.45719083023488744,0.42776228172432934,0.3989132767765227,0.3744642794066953,0.34295119889196246,0.31306929670305667,0.2865019545345353,0.27497344693642034,0.2510110439769008,0.22180877618752906,0.20355651357751853,0.17974889855087675,0.15220910864943568,0.1400557530813572,0.11967329494164683,0.09843272216093155,0.07239397330082498,0.054671796588789026,0.024883289798979275,-0.0006690911771345113,-0.027283140386791225,-0.036695179224147736,-0.05016602205684404,-0.06756029145257866,-0.08263042695459377,-0.08839066473637659,-0.09293240909219236,-0.10747209916029515,-0.1175639385501236,-0.12826972947549534,-0.12872354481311493,-0.12541830130121864,-0.1295893551447409,-0.12478489647894202,-0.12109096029225316,-0.11289970923504009,-0.11584414556419341,-0.11440393446734615,-0.11306318510067216,-0.10445559484658819,-0.10297537225330604,-0.11491057185876372,-0.12120538368339215,-0.1280160020775197,-0.11531405989036159,-0.11606818310337473,-0.1175953985951156,-0.1089909288501706,-0.0928037321712591,-0.07168499223573362,-0.05746347847345739,-0.05079741884542726,-0.03905808903685887,-0.02832140466050016,-0.023701705436856183,-0.014523633836620925,-0.005987173048036563,0.0003179531268870702,0.014082877517185524,0.013345471319384183,0.01899412064851546,0.03486575995426935,0.046784374133197984,0.058278644110412614,0.07809820732040582,0.1008108607974952,0.12082570980348774,0.14418256053592415,0.17588607827994446,0.20116955699057426,0.22992030364337168,0.25227795329715097,0.2761746329418049,0.2964509818994602,0.32280206607215683,0.3532996242875017,0.3834087500044883,0.4131864434354988,0.44837969710275927,0.4840606297355286,0.5140856262133036,0.5446461766949799,0.5756193717677068,0.6085798667583125
0.13281485874436694,0.16488208344942007,0.19150629397099708,0.21931435805751248,0.24871563164342797,0.28137622236736387,0.30827407255731476,0.3265380125491334,0.3530861348791396,0.3711168695566126,0.3958072210841248,0.41436652349476205,0.4292418331295612,0.43952534855012854,0.44871367607754914,0.46368509144731274,0.4671488565770153,0.48202545212771686,0.5009349161362223,0.5212626530521963,0.5437508156480518,0.5640130059128745,0.5810610476028543,0.5918870200114015,0.6109602115869736,0.6237962262944317,0.6355203448707828,0.6468410614381278,0.6582534208119655,0.6769391040229237,0.6821897836672425,0.6884964892409866,0.7041795108530609,0.7038012045438803,0.7061332584724129,0.7053623575778198,0.71321386981055,0.7123183225833274,0.7084099464230279,0.7083076202107852,0.709976834407199,0.7119981956925661,0.7131288797428533,0.7075474444681832,0.7089641770798097,0.6968443823423525,0.6870836785389465,0.6752185761628603,0.6612356258438038,0.6534369209586869,0.6361841729633206,0.6294725571906564,0.631019400087422,0.6321813099404522,0.6388858517876667,0.6388296307330762,0.6410431626961142,0.6416421934274819,0.6356566803122035,0.6326430676136845,0.6299972132440496,0.6367478791038872,0.6308231446117768,0.6258353829841815,0.615500654819539,0.6107790126514047,0.6087439968195023,0.5989796368922702,0.6003188991675648,0.60025433017442,0.5915401056485804,0.5782535966259176,0.571848730245336,0.5622041402084416,0.5516908891588843,0.5465748452472488,0.5423657861865037,0.5258975085082787,0.5027375109280452,0.483956508042569,0.4663943160151304,0.44018188766701694,0.4221644671258244,0.39948988085532744,0.37733659886150617,0.35023273089263074,0.3243327763301004,0.29507119653469327,0.271883955761193,0.24095280681934436,0.2058952655475589,0.16748342767760124,0.13847990671638505,0.12231817323469056,0.10378406912433998,0.07413976319159905,0.056222982918709606,0.03882828955500167,0.014407163923484614,-0.013413819234518398,-0.04254620295686219,-0.06466269711425121,-0.09093229095433078,-0.1212407722205748,-0.1535531618746708,-0.1828619450731276,-0.20215448363733185,-0.21725166522168832,-0.2446563756192499,-0.2731969857184231,-0.2978742598307402,-0.33297513511011634,-0.36711578982201426,-0.38693517724182513,-0.41998600222545257,-0.44768047977272524,-0.4719966364944942,-0.4907205646196304,-0.5255959748096859,-0.5609163393002885,-0.602069910567575,-0.6358428596265061,-0.6645938516726307,-0.6871370310809645,-0.7218637707370985,-0.7561440025819071,-0.7792830922628459,-0.8091115718352138,-0.8394462383728212,-0.8556314876714982,-0.8812098928436025,-0.8973258503940622,-0.9225060884897481,-0.9424265926168851,-0.9669485962105739,-0.9861669162852713,-0.9959384519916371,-1.0061740687932543,-1.0187155664847605,-1.0297147889563365,-1.0365183492523307,-1.043241977133636,-1.0465543526950973,-1.0596762789674268,-1.0615445336572085,-1.059539014864444,-1.0578231752700094,-1.065125137378573,-1.0603288363102736,-1.053131809213759,-1.0523048637133356,-1.0601035074227596,-1.0644507689837837,-1.06515584636405,-1.0623899538457253,-1.064713329260157,-1.06423192691914,-1.0690495776649866,-1.0647973848111627,-1.0618923299617793,-1.064958502223617,-1.0672301420706445,-1.0711671944693166,-1.065424994268449,-1.0665356983318273,-1.0652021804919878,-1.0646848147287402,-1.0544404203828923,-1.0432800546260321,-1.0390831470176243,-1.0329711917857376,-1.0194730456371623,-1.027232513784809,-1.02729915003856,-1.0186740437304949,-1.0220528672208955,-1.0288690537751144,-1.027820825139253,-1.023553687185361,-1.0269653969775328,-1.0213072534444811,-1.0302994843542452,-1.0347732852542484,-1.0324565775269838,-1.0300519460115571,-1.032474185703739,-1.0343857061257382,-1.019929353674444,-1.0183297924603776,-1.0104935622843854,-1.0056995032948095,-0.9912846652153494,-0.9809253662440334,-0.9614948840169529,-0.9504233067765243,-0.937109359188192,-0.9310811470772499,-0.914694562588029,-0.9052666238877392,-0.8920002124352785
-1.0288690537751144,-1.027820825139253,-1.023553687185361,-1.0269653969775328,-1.0213072534444811,-1.0302994843542452,-1.0347732852542484,-1.0324565775269838,-1.0300519460115571,-1.032474185703739,-1.0343857061257382,-1.019929353674444,-1.0183297924603776,-1.0104935622843854,-1.0056995032948095,-0.9912846652153494,-0.9809253662440334,-0.9614948840169529,-0.9504233067765243,-0.937109359188192,-0.9310811470772499,-0.914694562588029,-0.9052666238877392,-0.8920002124352785,-0.8826848640008687,-0.8664191119071852,-0.8399902248648091,-0.8106963740765697,-0.7787344568231906,-0.7425693723915695,-0.6911791708517513,-0.6512791661267753,-0.6065611837531139,-0.5576333044222129,-0.5102513732338123,-0.4636640073717309,-0.43580792262151347,-0.4051090660468741,-0.3620247268757711,-0.3289166657756241,-0.28232086327199146,-0.24651310379764557,-0.2116614878744559,-0.17633274921919204,-0.12809004252935097,-0.0867945001910211,-0.0459649192284706,-0.002944464147387974,0.028213880457651573,0.03964656064597297,0.06414726593589137,0.0917034951041072,0.1116401736295084,0.13557181079245606,0.15822339353611733,0.18288945697458978,0.22254913634183732,0.24474784710503247,0.2871944878196121,0.3239114607818949,0.36668105426713915,0.39826286349860257,0.43668899880987083,0.46210201007965873,0.49945403880774425,0.5339316201754453,0.570132432369395,0.6117654648230147,0.6489601475470927,0.6884191828526921,0.7089727570089023,0.7491029943519015,0.7814260535038786,0.8164277461028444,0.8470046014544288,0.8719864603306511,0.8981435606651549,0.9284789290080331,0.9567343430658595,0.997378160630768,1.0290489247005505,1.0695593727810528,1.105023005053886,1.1373690980398314,1.158121674250381,1.1854045466619483,1.2001367731285981,1.215810244118614,1.2382577314397663,1.2412961951119172,1.2607751544896508,1.2811912162453942,1.2955186122395477,1.3159896126820902,1.3349399914113684,1.3602600735151966,1.383287240530197,1.4017099693238866,1.4184609220425604,1.4343319057111497,1.4535832978463403,1.4721582141431193,1.500449605406013,1.5166027640489141,1.53350896536028,1.5580505880162931,1.579016190827666,1.612621056115791,1.6571430750725262,1.6925107744678418,1.7219729544477917,1.750068358949506,1.7774870860293983,1.7995824993710388,1.820332664834947,1.8288024023926484,1.8404748656760122,1.8465808100933683,1.8570556922207464,1.8583033362087222,1.8740822201530711,1.8889248619608237,1.9097070529224118,1.9246453950930156,1.9366747398598838,1.9478681526253532,1.9534506846311444,1.9597181025250825,1.9596676001284636,1.9556652322519128,1.9470353252035735,1.9558555448947634,1.9527059771271924,1.9590726493421666,1.9662056352309256,1.9625309180886081,1.964422152691068,1.958709116849743,1.948493181778382,1.9230283902362122,1.8953028764957245,1.8827474539195277,1.860500322777583,1.8469916906209949,1.8180161801742525,1.7907746682449848,1.761409497230961,1.7246594791466843,1.6927313828315569,1.658731575422177,1.623998393155473,1.5845161054915453,1.5539484190603272,1.5307338745653016,1.507692687690879,1.4875229833558874,1.4613481425162103,1.441622513286324,1.4161394451473797,1.3891114785040022,1.3741836403806578,1.3520183747144363,1.3316443842576042,1.3240145472623528,1.3030830259157502,1.2858793234790498,1.2627506316486852,1.2529376463085375,1.2379101422327285,1.2264485676606314,1.2222384945741611,1.218854639561096,1.2173998449616443,1.2315634711113799,1.2498205914583043,1.2663945759342425,1.28210591913044,1.2972898901629468,1.31327033946221,1.3210945732642712,1.3216125210425766,1.3260519165094835,1.3252393906630922,1.3203417988125725,1.3166573667593748,1.3049687225623356,1.311523507268436,1.334749830209001,1.3588269049335762,1.383293547246543,1.4005436808830825,1.4196221718761772,1.4287123832767168,1.4409052565881122,1.4594948560691743,1.462311734608648,1.4763037507376535,1.485059377143165,1.5047240406710891,1.5218346372072156
-0.9629017170125278,-0.9806672415616049,-0.9948644361868957,-1.0211746689461199,-1.0273368603722124,-1.0394451427314473,-1.048425658871448,-1.0641044267015645,-1.0641797434436089,-1.0623720929136564,-1.0487595122917823,-1.046843745235126,-1.0363510033390404,-1.0302861211121508,-1.0117064752465705,-0.9898015231897773,-0.978210394266513,-0.9652119599423686,-0.9570474037178154,-0.949023625120759,-0.9337423018976231,-0.9281583030706284,-0.917763995715549,-0.9169611467943015,-0.9128252899177308,-0.9080543883255046,-0.9059105892880029,-0.9072767427820403,-0.902814016517301,-0.9081736320855242,-0.9061528187350577,-0.8982852052401469,-0.9008973411079647,-0.8892049955019407,-0.8758341197956461,-0.8692516733499327,-0.859879402431229,-0.8542734482063514,-0.8470449272504564,-0.8433215822130655,-0.847968941812521,-0.8495323277365348,-0.8559796702067607,-0.8542295128096539,-0.8557532428513726,-0.8648311699717012,-0.8636352669362076,-0.8732404490989607,-0.8745765573373946,-0.881893205728664,-0.8853223842445603,-0.8957749083271815,-0.9018497528656882,-0.9077486706511544,-0.9233055291810593,-0.92770084395772,-0.9257653465135662,-0.9273752998965872,-0.935059777650841,-0.9437587694686,-0.9478359462305028,-0.9663381863079423,-0.9684230928405999,-0.9781496918907143,-0.9859532970046864,-0.9978625960029541,-1.0068168757473575,-1.0213846121945513,-1.0342406794919412,-1.0598518894974498,-1.0766894549008685,-1.0943753400613254,-1.1079243148454732,-1.1305997325317938,-1.1494247566277602,-1.1660504150647695,-1.1886588163449647,-1.2041023377385185,-1.2283951386543406,-1.2583283220052364,-1.281814042026444,-1.3026441696694055,-1.3200042439819608,-1.3400871193767696,-1.3630258913716733,-1.3738610714994066,-1.3905420030956361,-1.410433341447276,-1.4290047347290304,-1.4339162688870486,-1.4556993215344858,-1.4708482353501682,-1.4796194412094732,-1.4956396117705677,-1.5103235382323716,-1.5191065547379674,-1.528849819815188,-1.544315201208745,-1.5433983969815557,-1.5542583933296723,-1.5654341016346152,-1.5725622829330306,-1.5704029481074973,-1.57159468042761,-1.56265935953973,-1.5636056330996237,-1.5665798451583686,-1.5788578358384424,-1.5808337770359218,-1.5932428250322235,-1.6081880597259075,-1.6142779546154065,-1.6287585145281875,-1.6360722802254815,-1.6466366554409078,-1.6619500599665131,-1.6718871590956796,-1.6843173523843717,-1.7047760775382323,-1.7243824231624687,-1.7330720011867298,-1.7499920590885258,-1.7699511290109136,-1.7873472536689956,-1.802876385026048,-1.821490669459663,-1.8378691738115103,-1.8527319257477266,-1.8726971284413312,-1.8817734211402952,-1.8919578551418574,-1.9122596132812248,-1.9242800262509971,-1.9314074762661904,-1.9443064355008348,-1.9507394921515149,-1.9531319514054144,-1.957574829940114,-1.950250142203187,-1.9399837000461004,-1.9356255170273498,-1.935378735622955,-1.9302713133452836,-1.923303151546217,-1.917802175171079,-1.916068105254208,-1.9105739005899158,-1.9006401547263199,-1.9018087582216492,-1.8945185025472535,-1.881257210208942,-1.8794646711030263,-1.8680360905581799,-1.8421933582942687,-1.8303223049937718,-1.813040600387694,-1.7904759516983577,-1.7626204048273695,-1.7261727004336296,-1.6831910921451776,-1.651203053999794,-1.615853570459975,-1.5721891832465456,-1.5384496885615555,-1.5068211077778586,-1.4604603673109022,-1.4053027430219898,-1.356805720814762,-1.306961683907928,-1.2492736754976737,-1.2024730599961027,-1.147295571187834,-1.0980830878178411,-1.041263675183465,-0.9870248814312018,-0.9360114803716374,-0.8856028025656294,-0.833853046465754,-0.778746411377557,-0.7267755987454677,-0.6715829043772409,-0.6155495426061907,-0.5546031662794183,-0.4961468790065009,-0.44517542860044773,-0.3907562371931077,-0.33819965270033153,-0.2803919060375992,-0.23107216188564975,-0.17506295093499125,-0.11599838392644937,-0.06531228305123145,-0.017141192398108792,0.03301050475065371,0.09006151813224252,0.13158512912333395,0.18588258144840106,0.23262328063502252,0.26562022823054043,0.30755000073596916
-0.2963174139827354,-0.271493113144988,-0.25203585041229165,-0.22697859579404056,-0.19765780325492696,-0.16752531990499592,-0.13261587061169075,-0.0876446799535363,-0.04915629936984686,-0.00766445966605774,0.026633026805875638,0.06288118408753843,0.10462945933780753,0.13999846709114674,0.17653703252558947,0.20978153306061967,0.25105965695520294,0.2868782213036476,0.3246093359710263,0.35551810022018715,0.3822134300169973,0.4057519656999409,0.4269894811562741,0.44881173014777825,0.4622485452441897,0.47167404298574245,0.472602483217241,0.4767833788564459,0.4763495373002467,0.4618840588266652,0.44748302828383657,0.4338905555359319,0.4110883171822689,0.3995549646197181,0.38631870666431256,0.36857471484910376,0.3509002144840148,0.32340525205784443,0.2928617560235546,0.2689390336477915,0.244110416720071,0.22611029453193426,0.20661304590578566,0.19851514549494334,0.17443286507387187,0.1563216991151432,0.1393191370291209,0.12510104159090457,0.11242950148697749,0.08922257213638464,0.08246754456323387,0.07750134158638576,0.05778846333613201,0.03787891813596867,0.026778573280257813,0.019200456556559244,0.0015130507293841032,-0.01111867276474208,-0.02677970298531892,-0.040915371550748376,-0.04125849340238254,-0.04947475013115804,-0.0538440614097519,-0.07314385251113976,-0.08981538768470139,-0.10731549819236666,-0.12996489508253298,-0.16235618702205012,-0.18401139668313354,-0.20155347186289105,-0.22391952710339563,-0.24637170615274526,-0.27769459179866074,-0.3054550232355986,-0.3236622513591883,-0.3563972074166723,-0.3778097703539803,-0.39964016318868845,-0.43130849479642436,-0.4564310805890724,-0.48031357224362986,-0.4996315720594255,-0.5150939735927561,-0.5328572419680183,-0.5433758792424899,-0.5529826036988549,-0.575087886874416,-0.5854599250361893,-0.5918810947111142,-0.5968138782075055,-0.6064354574147819,-0.6222112466245204,-0.6307848216856309,-0.6414690260721867,-0.6566004857640385,-0.6528401522760174,-0.6559044101995327,-0.6552393519000469,-0.6611451473836482,-0.6645773344119787,-0.6708955726601321,-0.6790728105450206,-0.6785356075450917,-0.6852840565851236,-0.6915379629083224,-0.6974908168538813,-0.6965216987393433,-0.7020044737042046,-0.7056450094722079,-0.7132232306271766,-0.7252525155939276,-0.7212539008979233,-0.7257287383143686,-0.7284978232273396,-0.7229380842150349,-0.7143015291283531,-0.7181675147402904,-0.72343462232311,-0.7313191688728288,-0.7492304461670359,-0.7508254846131672,-0.7723490824425919,-0.7788530559993664,-0.7908016892287975,-0.8007391157384363,-0.8095288093216959,-0.8111315276560789,-0.8163943563979349,-0.8221851349216865,-0.8292212413705022,-0.8377684217973491,-0.833326074511845,-0.8370652970023122,-0.8391936585562793,-0.8356244582137228,-0.8387271818015385,-0.8408535049559276,-0.8284891391603911,-0.8201139817620293,-0.8204044839234453,-0.8093829064962811,-0.8051792913772844,-0.8046501641910841,-0.8046825424062312,-0.7976421475379052,-0.7822605247738366,-0.7842885844692441,-0.7755092829531726,-0.7786262936452758,-0.769767620515592,-0.7649088735300739,-0.7634113697229793,-0.759934401119432,-0.7571694631386324,-0.7637505063995281,-0.7608580593568701,-0.7562485173830171,-0.7626289446346602,-0.7631663008436633,-0.7661872848422507,-0.7638998055057313,-0.7623774672862107,-0.7578335861925027,-0.7551938596150374,-0.7486170165921182,-0.7504857309887266,-0.7479128838680793,-0.739459920490751,-0.7356803369574049,-0.7305421340562939,-0.726018927745971,-0.719749318728887,-0.7206722815317541,-0.7204877177974396,-0.7232769917327493,-0.7151772898855188,-0.7028533975053809,-0.6987615242847314,-0.6947060147801913,-0.6907938140241542,-0.6730047840551596,-0.660303449557935,-0.6505321448213313,-0.635646429416504,-0.6192093568769881,-0.6128361684723453,-0.6000062213059737,-0.5932628725914649,-0.5851447685894343,-0.5674000825237709,-0.5640610017821726,-0.5547704393795515,-0.5414884422993822,-0.5250596155613536,-0.5065194229844917,-0.49496604924265103,-0.4717881639745796,-0.45635500260564105,-0.42458068576133745,-0.4040911995605987
-0.6552393519000469,-0.6611451473836482,-0.6645773344119787,-0.6708955726601321,-0.6790728105450206,-0.6785356075450917,-0.6852840565851236,-0.6915379629083224,-0.6974908168538813,-0.6965216987393433,-0.7020044737042046,-0.7056450094722079,-0.7132232306271766,-0.7252525155939276,-0.7212539008979233,-0.7257287383143686,-0.7284978232273396,-0.7229380842150349,-0.7143015291283531,-0.7181675147402904,-0.72343462232311,-0.7313191688728288,-0.7492304461670359,-0.7508254846131672,-0.7723490824425919,-0.7788530559993664,-0.7908016892287975,-0.8007391157384363,-0.8095288093216959,-0.8111315276560789,-0.8163943563979349,-0.8221851349216865,-0.8292212413705022,-0.8377684217973491,-0.833326074511845,-0.8370652970023122,-0.8391936585562793,-0.8356244582137228,-0.8387271818015385,-0.8408535049559276,-0.8284891391603911,-0.8201139817620293,-0.8204044839234453,-0.8093829064962811,-0.8051792913772844,-0.8046501641910841,-0.8046825424062312,-0.7976421475379052,-0.7822605247738366,-0.7842885844692441,-0.7755092829531726,-0.7786262936452758,-0.769767620515592,-0.7649088735300739,-0.7634113697229793,-0.759934401119432,-0.7571694631386324,-0.7637505063995281,-0.7608580593568701,-0.7562485173830171,-0.7626289446346602,-0.7631663008436633,-0.7661872848422507,-0.7638998055057313,-0.7623774672862107,-0.7578335861925027,-0.7551938596150374,-0.7486170165921182,-0.7504857309887266,-0.7479128838680793,-0.739459920490751,-0.7356803369574049,-0.7305421340562939,-0.726018927745971,-0.719749318728887,-0.7206722815317541,-0.7204877177974396,-0.7232769917327493,-0.7151772898855188,-0.7028533975053809,-0.6987615242847314,-0.6947060147801913,-0.6907938140241542,-0.6730047840551596,-0.660303449557935,-0.6505321448213313,-0.635646429416504,-0.6192093568769881,-0.6128361684723453,-0.6000062213059737,-0.5932628725914649,-0.5851447685894343,-0.5674000825237709,-0.5640610017821726,-0.5547704393795515,-0.5414884422993822,-0.5250596155613536,-0.5065194229844917,-0.49496604924265103,-0.4717881639745796,-0.45635500260564105,-0.42458068576133745,-0.4040911995605987,-0.37908468124953687,-0.35310111558199686,-0.32902578910066965,-0.3102065452141562,-0.2984014709558847,-0.27525552276681103,-0.2613117322769047,-0.23513172168807234,-0.21567501932748384,-0.18901022456282343,-0.1699794975393326,-0.1466992819766165,-0.12044784528709812,-0.09925972309918454,-0.08320940308010645,-0.06348029169972527,-0.0444725947934682,-0.02216079943199817,-0.015365732298964128,0.006061982423243624,0.013308808167690648,0.03036252951811973,0.042874042095851626,0.04916358643262237,0.05519253351446038,0.06817907915191454,0.08128512237276864,0.09905612678741514,0.11937861516153817,0.13157933992722345,0.14026873246281882,0.15951724506215334,0.17203043567337253,0.18347578590764133,0.1813569995716035,0.1833737907134739,0.19220468606225002,0.2069444645776032,0.20581445736718476,0.21160802824216915,0.2130984114959216,0.22308664885427434,0.2187476439180743,0.2166013017507634,0.22360163408557793,0.20999050864820834,0.2152295227555743,0.2155004103475623,0.2067019744721589,0.20985515675880723,0.21493543682256347,0.20683717909273097,0.1978018019127397,0.1887419360324632,0.17861123733721776,0.15740182726482144,0.1489452072035514,0.1310403236311631,0.1122920104620609,0.08973793115475119,0.0719181438992852,0.05057571999775809,0.030085607611596975,0.014410845035531184,0.004896172373844517,-0.008599286976637619,-0.018182719081935823,-0.0179115238992524,-0.021048666018774014,-0.016187430389311024,-0.016797876658841093,-0.015594540439620313,-0.02383566880944842,-0.025423778914043883,-0.030675202816546995,-0.025429573941256497,-0.034694435147457445,-0.024754656462357007,-0.024093308041636716,-0.020788187939078377,-0.012268585780262594,0.0010853517296467844,0.025529444062770353,0.04472747763560908,0.06196585279914763,0.07217119657885691,0.08580810282976739,0.09419489386706983,0.1049635131955757,0.11931518785601684,0.1159568223310451,0.1203392860718529,0.12444309869861368,0.1378123234670795,0.15275943120536065,0.16527567699964518,0.1733745205941199
-1.185644157817146,-1.1908566004417824,-1.202014032812523,-1.2132365439764659,-1.220261517343373,-1.2330394709368524,-1.2347681212515578,-1.2315436983385593,-1.2242713105542797,-1.226564399110669,-1.2352948376217325,-1.2336874089165946,-1.2285198228180583,-1.2284525749102428,-1.2364830718487436,-1.2463031817354204,-1.24585741950812,-1.253427567456308,-1.2564573066800424,-1.2604471892462443,-1.2556397934699448,-1.2561770316733782,-1.2578231680046297,-1.2592983099015365,-1.2520241512933912,-1.231428488656063,-1.2101240425476916,-1.1702197447242557,-1.1211629232776466,-1.0817410979892121,-1.0409163864023976,-1.0029615107917211,-0.9674420750574075,-0.9418841665114386,-0.9194052811711756,-0.901526871771116,-0.8811425148251585,-0.8612234540847656,-0.8415637823207454,-0.8237068235170397,-0.8169112898268537,-0.7999418582128606,-0.791766840608219,-0.7772797793202086,-0.7738667942567089,-0.7663324735375022,-0.752927364633545,-0.7427866314735947,-0.7351658599824276,-0.7212588069354314,-0.7048202035077955,-0.6860338367515059,-0.6769517978967905,-0.663351339829686,-0.649123256472034,-0.6395968388804489,-0.6305215882540999,-0.607559667646591,-0.5990985726661098,-0.5869762089312182,-0.5632665086535087,-0.5389180273777348,-0.5189248073281201,-0.4993451268135673,-0.47238254382431766,-0.45650681712490504,-0.44957057274854817,-0.4432932161008333,-0.4341212466751825,-0.42161234348819293,-0.41094028445053377,-0.4004110819971331,-0.3928115066811037,-0.37469455792949635,-0.36162432827818786,-0.3643733447213475,-0.35111643228925987,-0.35505301457739574,-0.35535350891693185,-0.3534672412670793,-0.3567723615100355,-0.362644830380201,-0.36943832681752353,-0.37838042521410975,-0.40321703396323455,-0.42800798469318735,-0.46277821674487296,-0.5004160725903501,-0.5311475332426733,-0.569820431534189,-0.597816384155706,-0.6179539498648347,-0.6335031319111111,-0.6386233911647151,-0.6383078533398805,-0.6504249669289177,-0.6525031567127405,-0.6680244310996608,-0.6719247101262874,-0.6653572624633062,-0.6677755082076879,-0.6667510307483326,-0.6692799116205516,-0.6690272104734952,-0.6733729341711866,-0.679672089345866,-0.6823929514415866,-0.678124467755999,-0.6872037251863093,-0.7002587759613659,-0.7080861071923366,-0.7130789839494578,-0.7180830886998518,-0.7226833269017171,-0.7216320537568749,-0.7212439036853514,-0.7313221477167885,-0.7313469805263447,-0.7404260859121683,-0.7525944331344111,-0.7567447424884332,-0.7682848611970456,-0.774565744561177,-0.7793167807818687,-0.7819531604279998,-0.7805998741203942,-0.7869321554475933,-0.7835608416975195,-0.7824555407108083,-0.7755344924898773,-0.7772295472383464,-0.7733498604786123,-0.7825637033533653,-0.7898934679899577,-0.7874687116219329,-0.7948840683121557,-0.7936754119977878,-0.790078882110594,-0.7949911781324916,-0.8022472975349659,-0.8010067741446107,-0.7935578834909826,-0.7947576156988525,-0.787301597674607,-0.7905355946598166,-0.7956141540049725,-0.7899208969081041,-0.7926225661314487,-0.7869496739972391,-0.7854697043131841,-0.7916859651730268,-0.7967722483479693,-0.8015087727571371,-0.8103084498827878,-0.8220507553224382,-0.8327268187033079,-0.8322262331263203,-0.8383037857853012,-0.8449355125012035,-0.8567565223224066,-0.860116040822885,-0.8675399138032303,-0.8681832743832657,-0.8731851436332773,-0.8648083605211858,-0.8614875022272782,-0.8645703588142013,-0.8573683113976696,-0.8548219659623518,-0.8556622025871425,-0.8553443189865216,-0.8528071656024055,-0.84993945622621,-0.8432340054020204,-0.8397322853171472,-0.8294613836800224,-0.8246311076021638,-0.8138627433893318,-0.8061461427920863,-0.7937808118756566,-0.7739217818901801,-0.7619199774059191,-0.7508927268680955,-0.7414230227014652,-0.7287414101926788,-0.7151999390308673,-0.6968579904922626,-0.6799007185082547,-0.6669196471760132,-0.6515085773564389,-0.626585725142799,-0.6063139086668188,-0.5790878154194645,-0.5459056218929773,-0.5148168551616087,-0.46714834364312796,-0.4262192895087033,-0.3916219924919824,-0.3504594546887493,-0.3098993374881035
-0.7508927268680955,-0.7414230227014652,-0.7287414101926788,-0.7151999390308673,-0.6968579904922626,-0.6799007185082547,-0.6669196471760132,-0.6515085773564389,-0.626585725142799,-0.6063139086668188,-0.5790878154194645,-0.5459056218929773,-0.5148168551616087,-0.46714834364312796,-0.4262192895087033,-0.3916219924919824,-0.3504594546887493,-0.3098993374881035,-0.2679286944775278,-0.21320171732534077,-0.15972808632611987,-0.09395459974803698,-0.034778105825827896,0.02557525785192983,0.08778561740944511,0.1399630230611065,0.18090595025204048,0.22412921675668976,0.26688017439858097,0.3056327404765828,0.33745430102829993,0.38480989577584074,0.4303865853373962,0.4669079828221944,0.5130473680523086,0.559336263272525,0.6006743801428466,0.6400424488641665,0.6874944512886365,0.7314846082240202,0.7822167288584165,0.8215736207811242,0.8608703648423797,0.8998346153530378,0.9378726377798022,0.984346938568031,1.0320393705990953,1.0835013319857003,1.1276562161848511,1.175015080771639,1.2292589230635316,1.2739448349814733,1.3116309937694786,1.3436299644480425,1.3789968293949704,1.4079172451348714,1.4291921653260051,1.4506993370136594,1.4779413976604903,1.4956484885717298,1.5173854437977372,1.5339275626026714,1.5621166688047075,1.5628229407419356,1.5744549479706245,1.5797483456078485,1.583983929501244,1.5754810794453105,1.5813137720664923,1.5859275745946535,1.5771528292485013,1.5681743699095774,1.5446957137963733,1.5354332764600342,1.5263528890464875,1.524183127864675,1.514794205199164,1.4978541362963191,1.4745197464009758,1.4499489613331356,1.4178213261380501,1.392262816348673,1.3543947534507574,1.317873002852357,1.289566277402301,1.2729266938076855,1.2548693391131174,1.2383137224663279,1.2236075168470588,1.214140883609545,1.1908922540706721,1.172747594579621,1.1529702162658868,1.120884690799961,1.0943890684855748,1.081777998856236,1.056859261783897,1.0183538618804204,0.9901315954015423,0.9551404532193851,0.921460529801548,0.896475897890594,0.86612048346345,0.8351023070075102,0.8044754892574707,0.7594033985259618,0.7221252131030962,0.6797370010867455,0.6338219667760232,0.5840361601457379,0.5505087435500572,0.5078509370851345,0.4842885611927372,0.45951840597218374,0.43593537888921324,0.4077289062265181,0.38713204265008916,0.3574638460207549,0.3304991696402451,0.3040482851797394,0.28186899140524224,0.24730093597167743,0.23138929798441008,0.1968930439767703,0.17261056328170377,0.15595205873355877,0.13894760132300502,0.12508301363410718,0.10511768648758063,0.08518199654670269,0.06719885642517298,0.048204765195153466,0.023538162713589172,-0.0009417206111131692,-0.028328633486116764,-0.04987472665607765,-0.0705298576791418,-0.09199949034375547,-0.11722642525433384,-0.14174401139145595,-0.16876260918212702,-0.19406742070649932,-0.21382448604325976,-0.227510388365527,-0.24907745944446646,-0.26345584168392566,-0.2858221418620357,-0.3158488167848097,-0.3286533100756764,-0.34325265288012136,-0.36270993326573275,-0.3800836121856467,-0.39496681265864986,-0.41473696939710125,-0.4366820610607815,-0.4520074211717613,-0.46518966058554073,-0.48113232559100444,-0.4875216677389415,-0.49228545137762525,-0.5111989892042031,-0.522975428892002,-0.5330943129357403,-0.5406991824347556,-0.5361451916083492,-0.5406241665317887,-0.540747549021578,-0.5319292177009326,-0.5361220714887456,-0.5295704563604208,-0.5236011768004128,-0.5216495872916799,-0.5300074546163888,-0.5274744978833753,-0.5271828100147399,-0.5385287566330887,-0.5350062914894024,-0.5293937134490572,-0.5218084986109575,-0.5252607730093574,-0.517425411627242,-0.5137888972779598,-0.4946327006866253,-0.4916054793839235,-0.4878139937793861,-0.4767115203835635,-0.47335380086618484,-0.46845403974407546,-0.4574698172802722,-0.45291121466330897,-0.4436575789129937,-0.4399538443799794,-0.4279157037760822,-0.417098149136539,-0.4119981139849762,-0.3993863375718652,-0.3906188972396604,-0.37871994534976416,-0.36448945269071364,-0.34990997562147047
